Equipment ID,Type,Customer ID,Site ID,Check-Out Date,Check-In Date,Expected Return Date,Actual Check-In Date,Engine Hours/Day,Idle Hours/Day,Operating Days,Last Operator ID,penalty_charged,penalty_paid,is_overdue_now,cycle_number,gap_days_to_next_checkout,is_anomaly_ground_truth
EQX1000,Grader,CUST18,S004,2025-01-01,2025-01-29,2025-01-30,2025-01-29,3.9,2.8,29,OP188,False,,False,1,8,False
EQX1000,Grader,CUST15,S003,2025-02-06,2025-02-22,2025-02-23,2025-02-22,4.2,2.5,17,OP305,False,,False,2,10,False
EQX1000,Grader,CUST18,S002,2025-03-04,2025-03-31,2025-04-01,2025-03-31,4.5,1.3,28,OP143,False,,False,3,4,False
EQX1000,Grader,CUST16,S005,2025-04-04,2025-04-23,2025-04-24,2025-04-23,4.8,2.2,20,OP181,False,,False,4,4,False
EQX1000,Grader,CUST13,S001,2025-04-27,2025-05-25,2025-05-26,2025-05-25,5.0,2.0,29,OP188,False,,False,5,5,False
EQX1000,Grader,CUST09,S004,2025-05-30,2025-06-26,2025-06-26,2025-06-26,4.6,1.4,27,OP234,False,,False,6,13,False
EQX1000,Grader,CUST12,S006,2025-07-09,2025-07-30,2025-07-30,2025-07-30,3.1,2.7,21,OP318,False,,False,7,1,False
EQX1000,Grader,CUST13,S003,2025-07-31,2025-08-26,2025-08-27,2025-08-26,5.0,1.8,27,OP162,False,,False,8,11,False
EQX1000,Grader,CUST15,S003,2025-09-06,2025-09-19,2025-09-20,2025-09-19,3.5,11.2,14,,False,,False,9,7,True
EQX1000,Grader,CUST12,S004,2025-09-26,2025-10-23,2025-10-23,2025-10-23,3.3,2.9,27,OP183,False,,False,10,23,False
EQX1000,Grader,CUST07,S006,2025-11-15,2025-12-04,2025-12-05,2025-12-04,4.1,2.4,20,OP299,False,,False,11,2,False
EQX1000,Grader,CUST09,S004,2025-12-06,2025-12-17,2025-12-17,2025-12-17,5.2,1.2,11,OP212,False,,False,12,3,False
EQX1000,Grader,CUST02,S002,2025-12-20,2025-12-30,2025-12-31,2025-12-30,3.7,3.0,11,OP319,False,,False,13,8,False
EQX1001,Grader,CUST17,S006,2025-01-01,2025-01-20,2025-01-20,2025-01-20,5.1,1.3,19,OP123,False,,False,1,17,False
EQX1001,Grader,CUST03,S004,2025-02-06,2025-02-19,2025-02-20,2025-02-19,3.7,3.0,14,OP286,False,,False,2,40,False
EQX1001,Grader,CUST08,S002,2025-03-31,2025-04-12,2025-04-12,2025-04-12,3.6,3.4,12,OP203,False,,False,3,10,False
EQX1001,Grader,CUST02,S001,2025-04-22,2025-05-20,2025-05-21,2025-05-20,4.6,2.0,29,OP147,False,,False,4,17,False
EQX1001,Grader,CUST16,S003,2025-06-06,2025-07-03,2025-07-03,2025-07-03,2.8,3.8,27,OP247,False,,False,5,0,False
EQX1001,Grader,CUST03,S001,2025-07-03,2025-07-18,2025-07-18,2025-07-18,3.9,2.5,15,OP192,False,,False,6,2,False
EQX1001,Grader,CUST04,S001,2025-07-20,2025-08-04,2025-08-05,2025-08-04,4.8,2.0,16,OP241,False,,False,7,6,False
EQX1001,Grader,CUST14,S006,2025-08-10,2025-09-07,2025-09-08,2025-09-07,4.5,2.3,29,OP137,False,,False,8,14,False
EQX1001,Grader,CUST15,S001,2025-09-21,2025-10-04,2025-10-05,2025-10-04,4.6,1.9,14,OP296,False,,False,9,4,False
EQX1001,Grader,CUST06,S003,2025-10-08,2025-10-18,2025-10-18,2025-10-18,4.0,2.9,10,OP223,False,,False,10,27,False
EQX1001,Grader,CUST01,S003,2025-11-14,2025-11-30,2025-12-01,2025-11-30,2.5,3.6,17,OP227,False,,False,11,27,False
EQX1002,Crane,CUST07,S001,2025-01-01,2025-01-26,2025-01-26,2025-01-26,3.7,2.3,25,OP135,False,,False,1,5,False
EQX1002,Crane,CUST02,S002,2025-01-31,2025-02-21,2025-02-21,2025-02-21,0.7,11.9,21,OP131,False,,False,2,25,True
EQX1002,Crane,CUST17,S004,2025-03-18,2025-04-13,2025-04-13,2025-04-13,3.7,1.8,26,OP269,False,,False,3,1,False
EQX1002,Crane,CUST13,S004,2025-04-14,2025-05-04,2025-05-04,2025-05-04,2.8,3.5,20,OP193,False,,False,4,5,False
EQX1002,Crane,CUST17,S003,2025-05-09,2025-06-01,2025-06-02,2025-06-01,4.2,1.2,24,OP191,False,,False,5,3,False
EQX1002,Crane,CUST16,S001,2025-06-04,2025-06-26,2025-06-26,2025-06-26,3.0,2.6,22,OP216,False,,False,6,0,False
EQX1002,Crane,CUST16,S003,2025-06-26,2025-07-08,2025-07-08,2025-07-08,3.7,1.6,12,OP328,False,,False,7,0,False
EQX1002,Crane,CUST05,S004,2025-07-08,2025-07-22,2025-07-23,2025-07-22,2.5,11.0,15,,False,,False,8,13,True
EQX1002,Crane,CUST17,S004,2025-08-04,2025-08-25,2025-08-26,2025-08-25,4.0,1.8,22,OP227,False,,False,9,21,False
EQX1002,Crane,CUST11,S005,2025-09-15,2025-10-01,2025-10-02,2025-10-01,2.8,2.9,17,OP111,False,,False,10,21,False
EQX1002,Crane,CUST09,S004,2025-10-22,2025-11-14,2025-11-14,2025-11-14,3.9,2.2,23,OP157,False,,False,11,4,False
EQX1002,Crane,CUST10,S005,2025-11-18,2025-12-09,2025-12-09,2025-12-09,2.6,2.7,21,OP300,False,,False,12,10,False
EQX1003,Excavator,CUST13,S003,2025-01-01,2025-01-18,2025-01-18,2025-01-18,1.8,9.4,17,OP118,False,,False,1,21,True
EQX1003,Excavator,CUST15,S005,2025-02-08,2025-02-23,2025-02-23,2025-02-23,1.1,7.8,15,OP168,False,,False,2,30,False
EQX1003,Excavator,CUST13,S005,2025-03-25,2025-04-23,2025-04-23,2025-04-23,6.3,2.9,29,OP141,False,,False,3,38,False
EQX1003,Excavator,CUST06,S006,2025-05-31,2025-06-14,2025-06-14,2025-06-14,4.5,4.0,14,OP240,False,,False,4,5,False
EQX1003,Excavator,CUST08,S005,2025-06-19,2025-07-15,2025-07-16,2025-07-15,3.7,4.8,27,OP164,False,,False,5,9,False
EQX1003,Excavator,CUST07,S003,2025-07-24,2025-08-21,2025-08-21,2025-08-21,1.3,7.8,28,OP301,False,,False,6,33,True
EQX1003,Excavator,CUST07,S001,2025-09-23,2025-10-14,2025-10-14,2025-10-14,4.5,3.6,21,OP230,False,,False,7,4,False
EQX1003,Excavator,CUST06,S002,2025-10-18,2025-11-15,2025-11-16,2025-11-15,3.8,5.6,29,OP143,False,,False,8,22,False
EQX1003,Excavator,CUST18,S001,2025-12-07,2025-12-30,2025-12-30,2025-12-30,3.7,5.1,23,OP148,False,,False,9,0,False
EQX1004,Crane,CUST08,S002,2025-01-01,2025-01-21,2025-01-22,2025-01-21,0.9,9.8,21,OP159,False,,False,1,2,True
EQX1004,Crane,CUST13,S004,2025-01-23,2025-02-04,2025-02-04,2025-02-04,0.0,12.8,12,OP256,False,,False,2,6,True
EQX1004,Crane,CUST02,S002,2025-02-10,2025-03-09,2025-03-09,2025-03-09,4.5,1.3,27,OP155,False,,False,3,3,False
EQX1004,Crane,CUST17,S005,2025-03-12,2025-03-31,2025-03-31,2025-03-31,3.3,1.5,19,OP260,False,,False,4,10,False
EQX1004,Crane,CUST05,S006,2025-04-10,2025-05-01,2025-05-01,2025-05-01,3.8,1.8,21,OP102,False,,False,5,1,False
EQX1004,Crane,CUST17,S002,2025-05-02,2025-05-17,2025-05-17,2025-05-17,0.0,11.1,15,OP191,False,,False,6,4,True
EQX1004,Crane,CUST12,,2025-05-21,2025-06-19,2025-06-19,2025-06-19,2.0,5.9,29,OP153,False,,False,7,7,True
EQX1004,Crane,CUST07,S006,2025-06-26,2025-07-05,2025-07-06,2025-07-05,3.3,2.2,10,OP291,False,,False,8,15,False
EQX1004,Crane,CUST06,S001,2025-07-20,2025-08-17,2025-08-17,2025-08-17,5.3,0.5,28,OP315,False,,False,9,9,False
EQX1004,Crane,CUST05,S002,2025-08-26,2025-09-13,2025-09-14,2025-09-13,4.7,0.6,19,OP105,False,,False,10,0,False
EQX1004,Crane,CUST16,S003,2025-09-13,2025-10-06,2025-10-06,2025-10-06,4.2,1.7,23,OP217,False,,False,11,5,False
EQX1004,Crane,CUST05,S002,2025-10-11,2025-10-27,2025-10-27,2025-10-27,0.0,9.5,16,OP191,False,,False,12,1,True
EQX1004,Crane,CUST02,S001,2025-10-28,2025-11-13,2025-11-13,2025-11-13,4.6,0.5,16,OP177,False,,False,13,4,False
EQX1004,Crane,CUST11,S005,2025-11-17,2025-12-01,2025-12-02,2025-12-01,3.6,1.5,15,OP180,False,,False,14,6,False
EQX1004,Crane,CUST14,S002,2025-12-07,2025-12-17,2025-12-18,2025-12-17,3.6,11.3,11,OP208,False,,False,15,3,True
EQX1005,Bulldozer,CUST17,S005,2025-01-01,2025-01-20,2025-01-20,2025-01-20,4.6,4.0,19,OP311,False,,False,1,15,False
EQX1005,Bulldozer,CUST15,S001,2025-02-04,2025-02-20,2025-02-21,2025-02-20,5.8,2.4,17,OP182,False,,False,2,30,False
EQX1005,Bulldozer,CUST06,S006,2025-03-22,2025-04-04,2025-04-04,2025-04-04,6.6,1.4,13,OP211,False,,False,3,0,False
EQX1005,Bulldozer,CUST08,S005,2025-04-04,2025-05-02,2025-05-03,2025-05-02,6.3,2.2,29,OP135,False,,False,4,14,False
EQX1005,Bulldozer,CUST02,S003,2025-05-16,2025-06-04,2025-06-04,2025-06-04,5.7,3.0,19,OP235,False,,False,5,2,False
EQX1005,Bulldozer,CUST17,S004,2025-06-06,2025-06-30,2025-06-30,2025-06-30,6.2,2.5,24,OP146,False,,False,6,5,False
EQX1005,Bulldozer,CUST10,S005,2025-07-05,2025-07-24,2025-07-25,2025-07-24,4.9,3.3,20,OP250,False,,False,7,0,False
EQX1005,Bulldozer,CUST09,S003,2025-07-24,2025-08-11,2025-08-12,2025-08-11,6.8,2.5,19,OP242,False,,False,8,14,False
EQX1005,Bulldozer,CUST09,S002,2025-08-25,2025-09-11,2025-09-11,2025-09-11,5.8,2.5,17,OP175,False,,False,9,19,False
EQX1005,Bulldozer,CUST05,S006,2025-09-30,2025-10-13,2025-10-13,2025-10-13,6.5,1.9,13,OP159,False,,False,10,5,False
EQX1005,Bulldozer,CUST08,S006,2025-10-18,2025-11-05,2025-11-06,2025-11-05,7.3,1.5,19,OP131,False,,False,11,25,False
EQX1005,Bulldozer,CUST02,S006,2025-11-30,2025-12-28,2025-12-28,2025-12-28,3.7,4.8,28,OP152,False,,False,12,8,False
EQX1006,Bulldozer,CUST04,S006,2025-01-01,2025-01-25,2025-01-26,2025-01-25,4.9,3.7,25,OP165,False,,False,1,32,False
EQX1006,Bulldozer,CUST15,S005,2025-02-26,2025-03-10,2025-03-10,2025-03-10,5.5,3.3,12,OP235,False,,False,2,4,False
EQX1006,Bulldozer,CUST05,S004,2025-03-14,2025-04-11,2025-04-12,2025-04-11,5.1,3.0,29,OP110,False,,False,3,16,False
EQX1006,Bulldozer,CUST13,S006,2025-04-27,,2025-05-19,,3.4,3.5,22,OP309,True,True,True,4,26,True
EQX1006,Bulldozer,CUST05,S002,2025-06-14,2025-06-30,2025-07-01,2025-06-30,3.7,11.5,17,,False,,False,5,72,True
EQX1006,Bulldozer,CUST14,S004,2025-09-10,2025-10-06,2025-10-06,2025-10-06,3.1,5.4,26,OP281,False,,False,6,3,False
EQX1006,Bulldozer,CUST09,S003,2025-10-09,2025-10-26,2025-10-27,2025-10-26,3.8,5.1,18,OP162,False,,False,7,43,False
EQX1007,Crane,CUST17,S005,2025-01-01,2025-01-16,2025-01-16,2025-01-16,4.4,1.5,15,OP162,False,,False,1,19,False
EQX1007,Crane,CUST08,,2025-02-04,2025-02-25,2025-02-25,2025-02-25,2.1,10.6,21,,False,,False,2,4,True
EQX1007,Crane,CUST16,S003,2025-03-01,2025-03-15,2025-03-16,2025-03-15,2.8,2.8,15,OP117,False,,False,3,6,False
EQX1007,Crane,CUST04,S001,2025-03-21,2025-04-16,2025-04-17,2025-04-16,3.0,2.6,27,OP107,False,,False,4,1,False
EQX1007,Crane,CUST18,S005,2025-04-17,2025-04-26,2025-04-27,2025-04-26,3.0,2.4,10,OP107,False,,False,5,1,False
EQX1007,Crane,CUST15,S005,2025-04-27,2025-05-24,2025-05-24,2025-05-24,5.0,1.1,27,OP166,False,,False,6,31,False
EQX1007,Crane,CUST05,S006,2025-06-24,2025-07-12,2025-07-12,2025-07-12,3.9,1.3,18,OP312,False,,False,7,18,False
EQX1007,Crane,CUST16,S005,2025-07-30,2025-08-19,2025-08-20,2025-08-19,2.8,2.6,21,OP246,False,,False,8,9,False
EQX1007,Crane,CUST06,S006,2025-08-28,2025-09-14,2025-09-15,2025-09-14,3.7,2.5,18,OP236,False,,False,9,19,False
EQX1007,Crane,CUST14,S001,2025-10-03,2025-10-13,2025-10-13,2025-10-13,4.8,0.1,10,OP213,False,,False,10,40,False
EQX1007,Crane,CUST13,S002,2025-11-22,2025-12-14,2025-12-15,2025-12-14,4.4,1.4,23,OP314,False,,False,11,0,False
EQX1008,Bulldozer,CUST13,S001,2025-01-01,2025-01-13,2025-01-14,2025-01-13,1.8,6.2,13,OP152,False,,False,1,24,False
EQX1008,Bulldozer,CUST04,S003,2025-02-06,2025-02-17,2025-02-17,2025-02-17,2.4,6.4,11,OP125,False,,False,2,16,False
EQX1008,Bulldozer,CUST02,S006,2025-03-05,2025-03-28,2025-03-29,2025-03-28,3.3,5.3,24,OP249,False,,False,3,26,False
EQX1008,Bulldozer,CUST09,S001,2025-04-23,2025-05-16,2025-05-17,2025-05-16,4.4,4.3,24,OP139,False,,False,4,30,False
EQX1008,Bulldozer,CUST05,S004,2025-06-15,,2025-07-14,,2.4,3.5,29,OP271,True,True,True,5,2,True
EQX1008,Bulldozer,CUST10,S001,2025-07-16,,2025-08-05,,4.5,6.7,20,OP154,True,True,True,6,19,True
EQX1008,Bulldozer,CUST16,S006,2025-08-24,2025-09-07,2025-09-07,2025-09-07,4.2,4.0,14,OP299,False,,False,7,0,False
EQX1008,Bulldozer,CUST07,S001,2025-09-07,2025-10-05,2025-10-05,2025-10-05,4.7,4.2,28,OP214,False,,False,8,33,False
EQX1008,Bulldozer,CUST18,S003,2025-11-07,2025-11-16,2025-11-17,2025-11-16,3.1,5.2,10,OP202,False,,False,9,23,False
EQX1009,Excavator,CUST03,S002,2025-01-01,2025-01-10,2025-01-11,2025-01-10,3.7,5.6,10,OP133,False,,False,1,34,False
EQX1009,Excavator,CUST12,S001,2025-02-13,2025-03-11,2025-03-12,2025-03-11,2.9,5.8,27,OP115,False,,False,2,31,False
EQX1009,Excavator,CUST17,S003,2025-04-11,2025-04-28,2025-04-28,2025-04-28,0.9,6.7,17,OP272,False,,False,3,13,False
EQX1009,Excavator,CUST17,S001,2025-05-11,2025-05-23,2025-05-23,2025-05-23,1.9,6.6,12,OP187,False,,False,4,94,False
EQX1009,Excavator,CUST14,S003,2025-08-25,2025-09-15,2025-09-16,2025-09-15,2.8,5.8,22,OP161,False,,False,5,4,False
EQX1009,Excavator,CUST09,S001,2025-09-19,2025-10-15,2025-10-15,2025-10-15,3.3,5.1,26,OP102,False,,False,6,21,False
EQX1009,Excavator,CUST17,S005,2025-11-05,2025-11-21,2025-11-22,2025-11-21,1.9,6.7,17,OP222,False,,False,7,18,False
EQX1010,Bulldozer,CUST02,S004,2025-01-01,2025-01-26,2025-01-27,2025-01-26,5.2,2.9,26,OP269,False,,False,1,5,False
EQX1010,Bulldozer,CUST08,S003,2025-01-31,2025-02-10,2025-02-10,2025-02-10,6.8,1.9,10,OP232,False,,False,2,23,False
EQX1010,Bulldozer,CUST01,S006,2025-03-05,2025-03-30,2025-03-30,2025-03-30,6.0,3.2,25,OP315,False,,False,3,21,False
EQX1010,Bulldozer,CUST10,S004,2025-04-20,2025-05-12,2025-05-13,2025-05-12,6.4,1.9,23,OP290,False,,False,4,28,False
EQX1010,Bulldozer,CUST18,S004,2025-06-09,2025-07-05,2025-07-05,2025-07-05,5.0,2.8,26,OP101,False,,False,5,47,False
EQX1010,Bulldozer,CUST17,S002,2025-08-21,2025-08-31,2025-08-31,2025-08-31,4.7,3.3,10,OP287,False,,False,6,5,False
EQX1010,Bulldozer,CUST15,S006,2025-09-05,2025-09-16,2025-09-17,2025-09-16,5.0,3.2,12,OP136,False,,False,7,14,False
EQX1010,Bulldozer,CUST17,S002,2025-09-30,2025-10-15,2025-10-16,2025-10-15,5.2,3.1,16,OP217,False,,False,8,4,False
EQX1010,Bulldozer,CUST15,S003,2025-10-19,2025-11-10,2025-11-11,2025-11-10,5.8,2.9,23,OP302,False,,False,9,7,False
EQX1010,Bulldozer,CUST07,S005,2025-11-17,2025-12-02,2025-12-02,2025-12-02,4.4,4.1,15,OP256,False,,False,10,0,False
EQX1010,Bulldozer,CUST15,S005,2025-12-02,2025-12-30,2025-12-31,2025-12-30,6.4,1.8,29,OP286,False,,False,11,15,False
EQX1011,Crane,CUST08,S004,2025-01-01,,2025-01-15,,4.1,7.2,14,OP273,True,True,True,1,29,True
EQX1011,Crane,CUST12,S005,2025-02-13,2025-03-13,2025-03-13,2025-03-13,0.1,4.7,28,OP123,False,,False,2,16,False
EQX1011,Crane,CUST06,S001,2025-03-29,2025-04-08,2025-04-09,2025-04-08,1.4,4.2,11,OP287,False,,False,3,18,False
EQX1011,Crane,CUST08,S005,2025-04-26,2025-05-19,2025-05-19,2025-05-19,1.9,4.5,23,OP117,False,,False,4,41,False
EQX1011,Crane,CUST09,S001,2025-06-29,,2025-07-28,,2.9,4.1,29,OP175,True,False,True,5,44,True
EQX1011,Crane,CUST18,S004,2025-09-10,2025-09-30,2025-09-30,2025-09-30,0.6,11.3,20,OP196,False,,False,6,11,True
EQX1011,Crane,CUST06,S002,2025-10-11,2025-11-03,2025-11-03,2025-11-03,0.6,4.6,23,OP273,False,,False,7,3,False
EQX1011,Crane,CUST06,S001,2025-11-06,2025-11-28,2025-11-28,2025-11-28,1.3,4.8,22,OP105,False,,False,8,28,False
EQX1012,Crane,CUST10,S006,2025-01-01,2025-01-25,2025-01-25,2025-01-25,0.6,5.0,24,OP302,False,,False,1,10,False
EQX1012,Crane,CUST14,S004,2025-02-04,2025-02-16,2025-02-17,2025-02-16,1.0,4.8,13,OP272,False,,False,2,152,False
EQX1012,Crane,CUST09,S003,2025-07-18,2025-07-28,2025-07-29,2025-07-28,2.3,2.8,11,OP230,False,,False,3,49,False
EQX1012,Crane,CUST17,S006,2025-09-15,2025-10-08,2025-10-09,2025-10-08,0.0,6.0,24,OP312,False,,False,4,54,False
EQX1012,Crane,CUST09,S004,2025-12-01,2025-12-18,2025-12-18,2025-12-18,0.4,5.5,17,OP216,False,,False,5,131,False
EQX1013,Crane,CUST08,S004,2025-01-01,2025-01-13,2025-01-14,2025-01-13,2.3,3.3,13,OP321,False,,False,1,12,False
EQX1013,Crane,CUST02,S006,2025-01-25,2025-02-10,2025-02-11,2025-02-10,3.2,2.2,17,OP244,False,,False,2,26,False
EQX1013,Crane,CUST04,S005,2025-03-08,2025-03-26,2025-03-27,2025-03-26,1.3,4.4,19,OP250,False,,False,3,16,False
EQX1013,Crane,CUST01,S001,2025-04-11,2025-04-28,2025-04-28,2025-04-28,2.9,2.6,17,OP163,False,,False,4,26,False
EQX1013,Crane,CUST12,S004,2025-05-24,2025-06-20,2025-06-20,2025-06-20,1.9,3.2,27,OP210,False,,False,5,0,False
EQX1013,Crane,CUST03,S006,2025-06-20,2025-07-17,2025-07-18,2025-07-17,2.2,2.9,28,OP328,False,,False,6,75,False
EQX1013,Crane,CUST11,S006,2025-09-30,2025-10-16,2025-10-16,2025-10-16,1.4,3.9,16,OP325,False,,False,7,2,False
EQX1013,Crane,CUST13,S004,2025-10-18,2025-11-15,2025-11-15,2025-11-15,2.6,2.2,28,OP179,False,,False,8,2,False
EQX1013,Crane,CUST06,S005,2025-11-17,2025-12-02,2025-12-02,2025-12-02,2.0,2.7,15,OP185,False,,False,9,35,False
EQX1014,Excavator,CUST16,S006,2025-01-01,2025-01-24,2025-01-24,2025-01-24,4.4,3.6,23,OP152,False,,False,1,6,False
EQX1014,Excavator,CUST01,S001,2025-01-30,2025-02-25,2025-02-26,2025-02-25,6.3,2.5,27,OP188,False,,False,2,19,False
EQX1014,Excavator,CUST06,S002,2025-03-16,2025-04-11,2025-04-12,2025-04-11,4.9,3.8,27,OP181,False,,False,3,18,False
EQX1014,Excavator,CUST15,S001,2025-04-29,2025-05-20,2025-05-21,2025-05-20,5.1,3.5,22,OP175,False,,False,4,0,False
EQX1014,Excavator,CUST11,S003,2025-05-20,2025-06-12,2025-06-12,2025-06-12,1.4,7.0,23,OP299,False,,False,5,13,False
EQX1014,Excavator,CUST06,S004,2025-06-25,2025-07-21,2025-07-21,2025-07-21,1.1,10.3,26,OP216,False,,False,6,16,True
EQX1014,Excavator,CUST16,S006,2025-08-06,2025-08-30,2025-08-30,2025-08-30,4.1,4.4,24,OP145,False,,False,7,7,False
EQX1014,Excavator,CUST02,S006,2025-09-06,2025-09-28,2025-09-28,2025-09-28,4.6,4.5,22,OP224,False,,False,8,15,False
EQX1014,Excavator,CUST10,S004,2025-10-13,2025-11-05,2025-11-06,2025-11-05,2.5,5.9,24,OP257,False,,False,9,13,False
EQX1014,Excavator,CUST07,S001,2025-11-18,2025-12-01,2025-12-01,2025-12-01,3.7,4.4,13,OP269,False,,False,10,8,False
EQX1015,Bulldozer,CUST15,S002,2025-01-01,2025-01-18,2025-01-19,2025-01-18,1.3,7.2,18,OP315,False,,False,1,44,False
EQX1015,Bulldozer,CUST07,S002,2025-03-03,2025-03-13,2025-03-14,2025-03-13,2.7,5.8,11,OP188,False,,False,2,34,False
EQX1015,Bulldozer,CUST02,S001,2025-04-16,2025-05-05,2025-05-06,2025-05-05,0.3,8.0,20,OP218,False,,False,3,25,False
EQX1015,Bulldozer,CUST02,S003,2025-05-30,2025-06-22,2025-06-22,2025-06-22,0.9,7.7,23,OP106,False,,False,4,123,False
EQX1015,Bulldozer,CUST14,S003,2025-10-23,2025-11-15,2025-11-16,2025-11-15,1.0,7.5,24,OP167,False,,False,5,10,False
EQX1015,Bulldozer,CUST06,S001,2025-11-25,2025-12-13,2025-12-13,2025-12-13,1.8,6.4,18,OP295,False,,False,6,8,False
EQX1016,Excavator,CUST06,S001,2025-01-01,2025-01-25,2025-01-25,2025-01-25,2.5,6.1,24,OP134,False,,False,1,5,False
EQX1016,Excavator,CUST16,S002,2025-01-30,2025-02-17,2025-02-17,2025-02-17,0.6,7.2,18,OP289,False,,False,2,16,False
EQX1016,Excavator,CUST13,S004,2025-03-05,2025-03-18,2025-03-18,2025-03-18,2.4,6.5,13,OP214,False,,False,3,2,False
EQX1016,Excavator,CUST07,S001,2025-03-20,2025-04-08,2025-04-09,2025-04-08,2.4,5.2,20,OP115,False,,False,4,10,False
EQX1016,Excavator,CUST09,S005,2025-04-18,2025-05-16,2025-05-16,2025-05-16,0.9,7.7,28,OP101,False,,False,5,64,False
EQX1016,Excavator,CUST11,S006,2025-07-19,2025-08-15,2025-08-15,2025-08-15,0.4,8.1,27,OP159,False,,False,6,12,False
EQX1016,Excavator,CUST10,S006,2025-08-27,2025-09-22,2025-09-22,2025-09-22,1.2,6.8,26,OP305,False,,False,7,10,False
EQX1016,Excavator,CUST18,S002,2025-10-02,2025-10-22,2025-10-23,2025-10-22,1.5,7.0,21,OP124,False,,False,8,58,False
EQX1017,Excavator,CUST04,S001,2025-01-01,2025-01-29,2025-01-30,2025-01-29,3.1,5.2,29,OP178,False,,False,1,2,False
EQX1017,Excavator,CUST06,S005,2025-01-31,2025-02-22,2025-02-22,2025-02-22,3.6,4.1,22,OP142,False,,False,2,12,False
EQX1017,Excavator,CUST02,S006,2025-03-06,2025-03-31,2025-03-31,2025-03-31,2.3,5.4,25,OP110,False,,False,3,6,False
EQX1017,Excavator,CUST07,S004,2025-04-06,2025-04-25,2025-04-26,2025-04-25,1.6,7.3,20,OP196,False,,False,4,19,False
EQX1017,Excavator,CUST06,S002,2025-05-14,2025-06-07,2025-06-08,2025-06-07,1.9,6.6,25,OP162,False,,False,5,9,False
EQX1017,Excavator,CUST05,S006,2025-06-16,2025-07-04,2025-07-04,2025-07-04,4.5,3.3,18,OP282,False,,False,6,3,False
EQX1017,Excavator,CUST07,S005,2025-07-07,2025-07-22,2025-07-23,2025-07-22,1.5,6.1,16,OP164,False,,False,7,6,False
EQX1017,Excavator,CUST11,S005,2025-07-28,2025-08-11,2025-08-12,2025-08-11,0.0,9.6,15,OP151,False,,False,8,27,True
EQX1017,Excavator,CUST08,S003,2025-09-07,2025-09-24,2025-09-24,2025-09-24,4.3,4.9,17,OP320,False,,False,9,31,False
EQX1017,Excavator,CUST09,S001,2025-10-25,2025-11-20,2025-11-20,2025-11-20,1.8,8.2,26,OP228,False,,False,10,12,True
EQX1017,Excavator,CUST11,S002,2025-12-02,2025-12-29,2025-12-29,2025-12-29,2.6,5.5,27,OP107,False,,False,11,14,False
EQX1018,Excavator,CUST17,S005,2025-01-01,2025-01-25,2025-01-25,2025-01-25,3.3,4.9,24,OP247,False,,False,1,24,False
EQX1018,Excavator,CUST11,S002,2025-02-18,2025-03-10,2025-03-10,2025-03-10,2.2,5.9,20,OP104,False,,False,2,34,False
EQX1018,Excavator,CUST08,S001,2025-04-13,2025-04-30,2025-04-30,2025-04-30,1.6,6.7,17,OP172,False,,False,3,23,False
EQX1018,Excavator,CUST18,S002,2025-05-23,2025-06-04,2025-06-04,2025-06-04,3.2,5.8,12,OP248,False,,False,4,3,False
EQX1018,Excavator,CUST10,S001,2025-06-07,,2025-06-28,,2.7,5.2,21,OP267,True,True,True,5,64,True
EQX1018,Excavator,CUST12,S003,2025-08-31,2025-09-10,2025-09-10,2025-09-10,1.8,6.7,10,OP273,False,,False,6,6,False
EQX1018,Excavator,CUST15,S002,2025-09-16,2025-10-10,2025-10-11,2025-10-10,3.7,5.3,25,OP248,False,,False,7,17,False
EQX1018,Excavator,CUST11,S001,2025-10-27,2025-11-15,2025-11-16,2025-11-15,3.3,5.0,20,OP121,False,,False,8,75,False
EQX1019,Bulldozer,CUST01,S003,2025-01-01,2025-01-12,2025-01-13,2025-01-12,6.1,2.7,12,OP290,False,,False,1,9,False
EQX1019,Bulldozer,CUST08,S001,2025-01-21,2025-02-14,2025-02-14,2025-02-14,4.1,3.9,24,OP207,False,,False,2,2,False
EQX1019,Bulldozer,CUST10,S005,2025-02-16,2025-03-14,2025-03-14,2025-03-14,4.4,4.2,26,OP227,False,,False,3,22,False
EQX1019,Bulldozer,CUST12,S001,2025-04-05,2025-04-18,2025-04-19,2025-04-18,7.2,1.0,14,OP305,False,,False,4,4,False
EQX1019,Bulldozer,CUST05,S002,2025-04-22,2025-05-08,2025-05-09,2025-05-08,4.4,3.9,17,OP231,False,,False,5,2,False
EQX1019,Bulldozer,CUST10,S006,2025-05-10,2025-05-26,2025-05-27,2025-05-26,5.9,2.2,17,OP273,False,,False,6,12,False
EQX1019,Bulldozer,CUST05,S002,2025-06-07,,2025-07-01,,3.7,7.0,24,OP154,True,False,True,7,21,True
EQX1019,Bulldozer,CUST17,S006,2025-07-22,2025-08-01,2025-08-02,2025-08-01,6.7,2.1,11,OP310,False,,False,8,1,False
EQX1019,Bulldozer,CUST17,S001,2025-08-02,,2025-08-19,,3.9,8.0,17,OP245,True,True,True,9,12,True
EQX1019,Bulldozer,CUST17,S006,2025-08-31,2025-09-19,2025-09-19,2025-09-19,6.9,2.3,19,OP103,False,,False,10,16,False
EQX1019,Bulldozer,CUST16,S005,2025-10-05,2025-11-03,2025-11-03,2025-11-03,6.5,2.3,29,OP160,False,,False,11,18,False
EQX1019,Bulldozer,CUST10,S003,2025-11-21,2025-12-04,2025-12-05,2025-12-04,7.5,0.9,14,OP145,False,,False,12,33,False
EQX1020,Grader,CUST06,S001,2025-01-01,2025-01-15,2025-01-15,2025-01-15,1.6,10.6,14,OP281,False,,False,1,1,True
EQX1020,Grader,CUST12,S002,2025-01-16,2025-01-25,2025-01-26,2025-01-25,2.7,4.1,10,OP257,False,,False,2,48,False
EQX1020,Grader,CUST06,S004,2025-03-14,,2025-04-02,,3.5,5.8,19,OP172,True,False,True,3,9,True
EQX1020,Grader,CUST07,S006,2025-04-11,2025-04-25,2025-04-25,2025-04-25,0.9,5.3,14,OP226,False,,False,4,12,False
EQX1020,Grader,CUST12,S006,2025-05-07,2025-05-25,2025-05-26,2025-05-25,1.5,4.5,19,OP156,False,,False,5,75,False
EQX1020,Grader,CUST12,S001,2025-08-08,2025-08-20,2025-08-20,2025-08-20,0.5,5.4,12,OP288,False,,False,6,21,False
EQX1020,Grader,CUST17,S005,2025-09-10,2025-10-06,2025-10-07,2025-10-06,1.6,4.5,27,OP160,False,,False,7,17,False
EQX1020,Grader,CUST05,S002,2025-10-23,2025-11-18,2025-11-18,2025-11-18,1.1,5.3,26,OP121,False,,False,8,20,False
EQX1020,Grader,CUST15,S006,2025-12-08,2025-12-25,2025-12-25,2025-12-25,1.3,5.4,17,OP287,False,,False,9,36,False
EQX1021,Grader,CUST14,S003,2025-01-01,2025-01-19,2025-01-20,2025-01-19,4.1,2.2,19,OP224,False,,False,1,8,False
EQX1021,Grader,CUST08,S004,2025-01-27,2025-02-12,2025-02-13,2025-02-12,3.2,2.8,17,OP196,False,,False,2,2,False
EQX1021,Grader,CUST12,S002,2025-02-14,2025-03-01,2025-03-01,2025-03-01,2.2,4.5,15,OP107,False,,False,3,6,False
EQX1021,Grader,CUST16,S006,2025-03-07,2025-03-27,2025-03-27,2025-03-27,3.0,3.4,20,OP203,False,,False,4,2,False
EQX1021,Grader,CUST06,S001,2025-03-29,2025-04-11,2025-04-12,2025-04-11,4.6,2.4,14,OP319,False,,False,5,7,False
EQX1021,Grader,CUST06,S006,2025-04-18,2025-05-15,2025-05-15,2025-05-15,4.4,2.5,27,OP118,False,,False,6,12,False
EQX1021,Grader,CUST04,S004,2025-05-27,2025-06-24,2025-06-25,2025-06-24,3.7,2.6,29,OP201,False,,False,7,0,False
EQX1021,Grader,CUST02,S002,2025-06-24,2025-07-11,2025-07-11,2025-07-11,3.3,3.2,17,OP225,False,,False,8,56,False
EQX1021,Grader,CUST02,S004,2025-09-05,2025-09-21,2025-09-21,2025-09-21,3.4,3.8,16,OP207,False,,False,9,3,False
EQX1021,Grader,CUST01,S005,2025-09-24,2025-10-05,2025-10-06,2025-10-05,5.6,1.1,12,OP262,False,,False,10,23,False
EQX1021,Grader,CUST11,S006,2025-10-28,2025-11-12,2025-11-12,2025-11-12,1.5,9.3,15,OP114,False,,False,11,0,True
EQX1021,Grader,CUST07,S006,2025-11-12,2025-12-04,2025-12-05,2025-12-04,3.3,2.3,23,OP300,False,,False,12,25,False
EQX1022,Bulldozer,CUST17,S001,2025-01-01,2025-01-11,2025-01-12,2025-01-11,2.2,5.5,11,OP198,False,,False,1,12,False
EQX1022,Bulldozer,CUST14,S004,2025-01-23,2025-02-03,2025-02-04,2025-02-03,2.3,6.4,12,OP171,False,,False,2,14,False
EQX1022,Bulldozer,CUST14,S002,2025-02-17,2025-03-03,2025-03-04,2025-03-03,2.5,6.6,15,OP201,False,,False,3,88,False
EQX1022,Bulldozer,CUST09,S003,2025-05-30,2025-06-25,2025-06-25,2025-06-25,1.7,6.8,26,OP223,False,,False,4,20,False
EQX1022,Bulldozer,CUST08,S001,2025-07-15,2025-07-25,2025-07-25,2025-07-25,2.2,5.6,10,OP129,False,,False,5,24,False
EQX1022,Bulldozer,CUST04,S004,2025-08-18,2025-09-14,2025-09-14,2025-09-14,0.8,8.0,27,OP107,False,,False,6,20,False
EQX1022,Bulldozer,CUST17,S006,2025-10-04,2025-10-25,2025-10-25,2025-10-25,1.3,7.1,21,OP111,False,,False,7,3,False
EQX1022,Bulldozer,CUST09,S005,2025-10-28,2025-11-20,2025-11-20,2025-11-20,3.4,5.6,23,OP236,False,,False,8,15,False
EQX1022,Bulldozer,CUST12,S006,2025-12-05,2025-12-24,2025-12-24,2025-12-24,4.5,8.1,19,OP175,False,,False,9,32,True
EQX1023,Grader,CUST03,S006,2025-01-01,2025-01-16,2025-01-16,2025-01-16,1.9,3.6,15,OP293,False,,False,1,59,False
EQX1023,Grader,CUST10,S001,2025-03-16,2025-03-31,2025-04-01,2025-03-31,1.1,5.2,16,OP284,False,,False,2,5,False
EQX1023,Grader,CUST13,S005,2025-04-05,,2025-05-02,,1.1,3.5,27,OP329,True,False,True,3,40,True
EQX1023,Grader,CUST17,S006,2025-06-11,2025-06-25,2025-06-26,2025-06-25,1.0,5.2,15,OP205,False,,False,4,17,False
EQX1023,Grader,CUST09,S005,2025-07-12,2025-08-04,2025-08-05,2025-08-04,1.1,4.8,24,OP291,False,,False,5,13,False
EQX1023,Grader,CUST12,S005,2025-08-17,2025-09-08,2025-09-08,2025-09-08,0.9,4.9,22,OP208,False,,False,6,28,False
EQX1023,Grader,CUST02,S004,2025-10-06,2025-11-01,2025-11-01,2025-11-01,1.3,4.8,26,OP321,False,,False,7,57,False
EQX1024,Crane,CUST10,,2025-01-01,2025-01-12,2025-01-13,2025-01-12,4.4,10.1,12,OP309,False,,False,1,13,True
EQX1024,Crane,CUST08,S002,2025-01-25,2025-02-17,2025-02-17,2025-02-17,1.8,4.0,23,OP180,False,,False,2,4,False
EQX1024,Crane,CUST06,S004,2025-02-21,2025-03-15,2025-03-16,2025-03-15,2.6,2.8,23,OP120,False,,False,3,27,False
EQX1024,Crane,CUST12,S002,2025-04-11,2025-05-06,2025-05-07,2025-05-06,2.3,3.1,26,OP131,False,,False,4,16,False
EQX1024,Crane,CUST04,S004,2025-05-22,2025-06-10,2025-06-11,2025-06-10,2.8,2.5,20,OP260,False,,False,5,25,False
EQX1024,Crane,CUST15,S004,2025-07-05,2025-07-14,2025-07-15,2025-07-14,1.1,3.9,10,OP118,False,,False,6,20,False
EQX1024,Crane,CUST05,S002,2025-08-03,2025-08-16,2025-08-17,2025-08-16,3.4,2.2,14,OP275,False,,False,7,11,False
EQX1024,Crane,CUST03,S003,2025-08-27,2025-09-13,2025-09-13,2025-09-13,0.0,12.7,17,OP144,False,,False,8,8,True
EQX1024,Crane,CUST06,S003,2025-09-21,2025-10-10,2025-10-10,2025-10-10,2.9,3.1,19,OP224,False,,False,9,73,False
EQX1025,Excavator,CUST17,S005,2025-01-01,2025-01-14,2025-01-14,2025-01-14,1.5,7.2,13,OP261,False,,False,1,24,False
EQX1025,Excavator,CUST17,S005,2025-02-07,2025-03-02,2025-03-02,2025-03-02,3.4,4.8,23,OP273,False,,False,2,3,False
EQX1025,Excavator,CUST02,S003,2025-03-05,2025-03-23,2025-03-23,2025-03-23,5.5,3.5,18,OP327,False,,False,3,18,False
EQX1025,Excavator,CUST05,S005,2025-04-10,2025-04-20,2025-04-20,2025-04-20,2.2,7.2,10,OP107,False,,False,4,14,False
EQX1025,Excavator,CUST12,S006,2025-05-04,2025-05-27,2025-05-28,2025-05-27,3.4,4.8,24,OP248,False,,False,5,0,False
EQX1025,Excavator,CUST06,S001,2025-05-27,2025-06-14,2025-06-15,2025-06-14,5.0,3.4,19,OP214,False,,False,6,4,False
EQX1025,Excavator,CUST15,S003,2025-06-18,2025-07-15,2025-07-16,2025-07-15,3.7,5.4,28,OP302,False,,False,7,11,False
EQX1025,Excavator,CUST15,S004,2025-07-26,2025-08-24,2025-08-24,2025-08-24,5.4,3.1,29,OP234,False,,False,8,11,False
EQX1025,Excavator,CUST13,S006,2025-09-04,,2025-10-02,,4.7,3.2,28,OP288,True,True,True,9,14,True
EQX1025,Excavator,CUST16,S004,2025-10-16,2025-11-01,2025-11-01,2025-11-01,3.4,5.5,16,OP293,False,,False,10,4,False
EQX1025,Excavator,CUST17,S006,2025-11-05,2025-11-15,2025-11-15,2025-11-15,2.3,6.1,10,OP234,False,,False,11,32,False
EQX1026,Grader,CUST06,S003,2025-01-01,2025-01-20,2025-01-21,2025-01-20,5.3,1.4,20,OP198,False,,False,1,1,False
EQX1026,Grader,CUST06,S002,2025-01-21,2025-02-02,2025-02-02,2025-02-02,3.9,2.4,12,OP267,False,,False,2,2,False
EQX1026,Grader,CUST02,S003,2025-02-04,2025-02-19,2025-02-19,2025-02-19,2.7,3.1,15,OP235,False,,False,3,20,False
EQX1026,Grader,CUST17,S001,2025-03-11,2025-04-09,2025-04-09,2025-04-09,5.2,1.3,29,OP257,False,,False,4,6,False
EQX1026,Grader,CUST10,S004,2025-04-15,2025-05-05,2025-05-06,2025-05-05,3.2,3.3,21,OP299,False,,False,5,4,False
EQX1026,Grader,CUST15,,2025-05-09,2025-05-29,2025-05-29,2025-05-29,3.6,7.8,20,OP129,False,,False,6,14,True
EQX1026,Grader,CUST09,S004,2025-06-12,2025-06-28,2025-06-28,2025-06-28,0.0,12.1,16,OP148,False,,False,7,9,True
EQX1026,Grader,CUST17,S002,2025-07-07,2025-07-16,2025-07-17,2025-07-16,3.2,2.7,10,OP107,False,,False,8,20,False
EQX1026,Grader,CUST12,S004,2025-08-05,2025-09-02,2025-09-02,2025-09-02,5.3,1.0,28,OP199,False,,False,9,12,False
EQX1026,Grader,CUST17,S002,2025-09-14,2025-10-03,2025-10-03,2025-10-03,5.2,0.5,19,OP314,False,,False,10,12,False
EQX1026,Grader,CUST01,S004,2025-10-15,2025-11-13,2025-11-13,2025-11-13,5.0,0.9,29,OP110,False,,False,11,11,False
EQX1026,Grader,CUST10,S001,2025-11-24,2025-12-13,2025-12-13,2025-12-13,3.9,2.3,19,OP200,False,,False,12,0,False
EQX1026,Grader,CUST07,S001,2025-12-13,2025-12-31,2025-12-31,2025-12-31,5.7,0.8,18,OP112,False,,False,13,7,False
EQX1027,Grader,CUST09,S004,2025-01-01,2025-01-24,2025-01-25,2025-01-24,3.6,2.9,24,OP117,False,,False,1,0,False
EQX1027,Grader,CUST13,S001,2025-01-24,2025-02-04,2025-02-05,2025-02-04,3.0,3.6,12,OP148,False,,False,2,7,False
EQX1027,Grader,CUST02,S006,2025-02-11,2025-02-22,2025-02-23,2025-02-22,1.3,5.4,12,OP180,False,,False,3,9,False
EQX1027,Grader,CUST04,S002,2025-03-03,2025-03-19,2025-03-20,2025-03-19,3.3,2.9,17,OP287,False,,False,4,2,False
EQX1027,Grader,CUST12,S003,2025-03-21,2025-03-31,2025-04-01,2025-03-31,2.5,3.8,11,OP280,False,,False,5,20,False
EQX1027,Grader,CUST07,S004,2025-04-20,2025-05-07,2025-05-07,2025-05-07,3.3,8.8,17,OP156,False,,False,6,27,True
EQX1027,Grader,CUST08,S005,2025-06-03,2025-06-16,2025-06-16,2025-06-16,3.3,3.8,13,OP313,False,,False,7,9,False
EQX1027,Grader,CUST12,S002,2025-06-25,2025-07-23,2025-07-24,2025-07-23,3.6,2.3,29,OP103,False,,False,8,3,False
EQX1027,Grader,CUST10,S001,2025-07-26,2025-08-21,2025-08-21,2025-08-21,3.4,3.4,26,OP125,False,,False,9,36,False
EQX1027,Grader,CUST11,S003,2025-09-26,2025-10-11,2025-10-12,2025-10-11,3.7,3.4,16,OP164,False,,False,10,2,False
EQX1027,Grader,CUST05,S004,2025-10-13,2025-10-26,2025-10-27,2025-10-26,1.9,10.1,14,OP151,False,,False,11,10,True
EQX1027,Grader,CUST14,S005,2025-11-05,2025-11-19,2025-11-20,2025-11-19,1.8,4.7,15,OP233,False,,False,12,0,False
EQX1027,Grader,CUST06,S005,2025-11-19,2025-12-03,2025-12-03,2025-12-03,0.7,12.0,14,OP107,False,,False,13,7,True
EQX1027,Grader,CUST12,S006,2025-12-10,2025-12-23,2025-12-23,2025-12-23,3.3,2.9,13,OP268,False,,False,14,1,False
EQX1028,Bulldozer,CUST16,S002,2025-01-01,2025-01-25,2025-01-26,2025-01-25,1.5,7.2,25,OP261,False,,False,1,23,False
EQX1028,Bulldozer,CUST07,S001,2025-02-17,2025-03-17,2025-03-18,2025-03-17,3.4,5.7,29,OP286,False,,False,2,18,False
EQX1028,Bulldozer,CUST11,S005,2025-04-04,2025-04-29,2025-04-30,2025-04-29,4.0,4.8,26,OP315,False,,False,3,6,False
EQX1028,Bulldozer,CUST03,S004,2025-05-05,2025-05-15,2025-05-15,2025-05-15,2.7,5.8,10,OP240,False,,False,4,2,False
EQX1028,Bulldozer,CUST03,S003,2025-05-17,2025-06-03,2025-06-04,2025-06-03,3.6,5.5,18,OP212,False,,False,5,19,False
EQX1028,Bulldozer,CUST18,S004,2025-06-22,2025-07-05,2025-07-06,2025-07-05,0.4,7.1,14,OP292,False,,False,6,45,False
EQX1028,Bulldozer,CUST13,S001,2025-08-19,2025-09-05,2025-09-06,2025-09-05,2.8,5.7,18,OP320,False,,False,7,41,False
EQX1028,Bulldozer,CUST13,S004,2025-10-16,2025-11-11,2025-11-12,2025-11-11,2.8,6.0,27,OP298,False,,False,8,5,False
EQX1028,Bulldozer,CUST08,S001,2025-11-16,2025-12-01,2025-12-02,2025-12-01,3.5,4.2,16,OP211,False,,False,9,64,False
EQX1029,Excavator,CUST04,S002,2025-01-01,2025-01-25,2025-01-26,2025-01-25,0.4,7.6,25,OP320,False,,False,1,33,False
EQX1029,Excavator,CUST06,S005,2025-02-27,2025-03-27,2025-03-28,2025-03-27,2.8,5.3,29,OP156,False,,False,2,0,False
EQX1029,Excavator,CUST15,S004,2025-03-27,2025-04-12,2025-04-12,2025-04-12,1.6,7.3,16,OP319,False,,False,3,39,False
EQX1029,Excavator,CUST16,S003,2025-05-21,2025-06-03,2025-06-03,2025-06-03,5.2,4.0,13,OP278,False,,False,4,32,False
EQX1029,Excavator,CUST08,S001,2025-07-05,2025-07-16,2025-07-16,2025-07-16,1.9,7.0,11,OP115,False,,False,5,1,False
EQX1029,Excavator,CUST17,S004,2025-07-17,2025-08-01,2025-08-01,2025-08-01,3.5,4.9,15,OP147,False,,False,6,16,False
EQX1029,Excavator,CUST04,S001,2025-08-17,2025-09-12,2025-09-12,2025-09-12,2.6,6.5,26,OP226,False,,False,7,45,False
EQX1029,Excavator,CUST17,S002,2025-10-27,2025-11-09,2025-11-09,2025-11-09,4.6,4.2,13,OP268,False,,False,8,28,False
EQX1029,Excavator,CUST12,S005,2025-12-07,2025-12-26,2025-12-27,2025-12-26,4.0,4.7,20,OP282,False,,False,9,35,False
EQX1030,Bulldozer,CUST06,S001,2025-01-01,2025-01-29,2025-01-30,2025-01-29,1.0,9.9,29,OP324,False,,False,1,106,True
EQX1030,Bulldozer,CUST03,S003,2025-05-15,2025-05-29,2025-05-29,2025-05-29,0.3,8.7,14,OP303,False,,False,2,12,False
EQX1030,Bulldozer,CUST05,S006,2025-06-10,2025-07-07,2025-07-08,2025-07-07,0.0,8.1,28,OP283,False,,False,3,0,False
EQX1030,Bulldozer,CUST11,S005,2025-07-07,2025-07-25,2025-07-25,2025-07-25,0.1,8.7,18,OP126,False,,False,4,9,False
EQX1030,Bulldozer,CUST01,S006,2025-08-03,2025-08-21,2025-08-21,2025-08-21,0.0,8.9,18,OP149,False,,False,5,36,False
EQX1030,Bulldozer,CUST15,S006,2025-09-26,2025-10-13,2025-10-14,2025-10-13,0.0,8.3,18,OP314,False,,False,6,18,False
EQX1030,Bulldozer,CUST08,S002,2025-10-31,2025-11-19,2025-11-20,2025-11-19,2.1,6.5,20,OP161,False,,False,7,16,False
EQX1030,Bulldozer,CUST03,S002,2025-12-05,2025-12-24,2025-12-24,2025-12-24,0.0,8.7,19,OP197,False,,False,8,30,False
EQX1031,Bulldozer,CUST03,S002,2025-01-01,2025-01-23,2025-01-23,2025-01-23,6.2,2.4,22,OP257,False,,False,1,10,False
EQX1031,Bulldozer,CUST02,S005,2025-02-02,2025-03-01,2025-03-02,2025-03-01,0.0,11.4,28,OP295,False,,False,2,39,True
EQX1031,Bulldozer,CUST04,S002,2025-04-09,2025-05-01,2025-05-02,2025-05-01,2.1,6.0,23,OP257,False,,False,3,8,False
EQX1031,Bulldozer,CUST01,S002,2025-05-09,2025-06-02,2025-06-02,2025-06-02,4.2,4.5,24,OP263,False,,False,4,5,False
EQX1031,Bulldozer,CUST15,S004,2025-06-07,2025-06-27,2025-06-27,2025-06-27,6.4,2.4,20,OP192,False,,False,5,15,False
EQX1031,Bulldozer,CUST18,S004,2025-07-12,2025-08-04,2025-08-04,2025-08-04,4.5,3.1,23,OP267,False,,False,6,6,False
EQX1031,Bulldozer,CUST18,S003,2025-08-10,2025-09-01,2025-09-01,2025-09-01,4.3,4.2,22,OP161,False,,False,7,23,False
EQX1031,Bulldozer,CUST04,S003,2025-09-24,2025-10-13,2025-10-14,2025-10-13,7.0,1.8,20,OP162,False,,False,8,6,False
EQX1031,Bulldozer,CUST09,S005,2025-10-19,2025-11-13,2025-11-13,2025-11-13,6.2,3.1,25,OP233,False,,False,9,0,False
EQX1031,Bulldozer,CUST02,S005,2025-11-13,2025-11-26,2025-11-27,2025-11-26,3.2,5.8,14,OP157,False,,False,10,24,False
EQX1032,Crane,CUST15,S001,2025-01-01,2025-01-24,2025-01-25,2025-01-24,0.9,8.6,24,OP154,False,,False,1,2,True
EQX1032,Crane,CUST10,S004,2025-01-26,2025-02-19,2025-02-19,2025-02-19,0.3,5.4,24,OP120,False,,False,2,0,False
EQX1032,Crane,CUST12,S004,2025-02-19,2025-03-10,2025-03-11,2025-03-10,0.3,5.8,20,OP126,False,,False,3,73,False
EQX1032,Crane,CUST05,S004,2025-05-22,2025-06-07,2025-06-08,2025-06-07,0.4,5.9,17,OP209,False,,False,4,15,False
EQX1032,Crane,CUST13,S003,2025-06-22,2025-07-04,2025-07-05,2025-07-04,1.5,4.6,13,OP138,False,,False,5,28,False
EQX1032,Crane,CUST15,S005,2025-08-01,2025-08-13,2025-08-14,2025-08-13,0.6,4.3,13,OP186,False,,False,6,0,False
EQX1032,Crane,CUST02,S005,2025-08-13,2025-09-07,2025-09-07,2025-09-07,0.0,5.7,25,OP233,False,,False,7,3,False
EQX1032,Crane,CUST15,S004,2025-09-10,2025-09-23,2025-09-24,2025-09-23,1.0,4.3,14,OP214,False,,False,8,14,False
EQX1032,Crane,CUST15,S006,2025-10-07,2025-10-27,2025-10-28,2025-10-27,2.0,4.1,21,OP255,False,,False,9,42,False
EQX1033,Crane,CUST07,S002,2025-01-01,2025-01-15,2025-01-15,2025-01-15,2.5,3.1,14,OP116,False,,False,1,11,False
EQX1033,Crane,CUST17,S006,2025-01-26,2025-02-22,2025-02-22,2025-02-22,2.3,3.1,27,OP116,False,,False,2,28,False
EQX1033,Crane,CUST09,S001,2025-03-22,2025-04-17,2025-04-17,2025-04-17,1.7,3.6,26,OP192,False,,False,3,13,False
EQX1033,Crane,CUST02,S001,2025-04-30,2025-05-19,2025-05-19,2025-05-19,0.0,10.6,19,OP272,False,,False,4,50,True
EQX1033,Crane,CUST16,S002,2025-07-08,2025-07-18,2025-07-18,2025-07-18,2.6,3.3,10,OP323,False,,False,5,13,False
EQX1033,Crane,CUST13,S005,2025-07-31,2025-08-13,2025-08-14,2025-08-13,0.8,4.1,14,OP178,False,,False,6,28,False
EQX1033,Crane,CUST08,S003,2025-09-10,2025-09-26,2025-09-27,2025-09-26,2.7,2.5,17,OP282,False,,False,7,23,False
EQX1033,Crane,CUST17,S001,2025-10-19,,2025-11-10,,3.2,3.3,22,OP191,True,True,True,8,19,True
EQX1033,Crane,CUST05,S005,2025-11-29,2025-12-25,2025-12-25,2025-12-25,2.5,2.8,26,OP161,False,,False,9,29,False
EQX1034,Bulldozer,CUST16,S003,2025-01-01,2025-01-24,2025-01-24,2025-01-24,2.8,5.3,23,OP120,False,,False,1,9,False
EQX1034,Bulldozer,CUST08,S003,2025-02-02,2025-02-16,2025-02-16,2025-02-16,2.2,6.6,14,OP156,False,,False,2,6,False
EQX1034,Bulldozer,CUST17,S002,2025-02-22,2025-03-06,2025-03-06,2025-03-06,1.5,6.9,12,OP101,False,,False,3,29,False
EQX1034,Bulldozer,CUST03,S006,2025-04-04,2025-04-19,2025-04-20,2025-04-19,0.6,7.8,16,OP160,False,,False,4,26,False
EQX1034,Bulldozer,CUST10,S005,2025-05-15,2025-06-09,2025-06-10,2025-06-09,1.5,6.4,26,OP306,False,,False,5,9,False
EQX1034,Bulldozer,CUST03,S005,2025-06-18,2025-06-28,2025-06-28,2025-06-28,1.7,7.0,10,OP159,False,,False,6,11,False
EQX1034,Bulldozer,CUST07,S005,2025-07-09,2025-07-20,2025-07-20,2025-07-20,2.1,7.2,11,OP329,False,,False,7,79,False
EQX1034,Bulldozer,CUST10,S003,2025-10-07,2025-10-26,2025-10-26,2025-10-26,1.8,6.3,19,OP208,False,,False,8,65,False
EQX1035,Crane,CUST11,S002,2025-01-01,2025-01-29,2025-01-29,2025-01-29,1.4,3.8,28,OP198,False,,False,1,16,False
EQX1035,Crane,CUST11,S001,2025-02-14,2025-03-07,2025-03-07,2025-03-07,1.8,3.4,21,OP119,False,,False,2,14,False
EQX1035,Crane,CUST05,S003,2025-03-21,2025-04-18,2025-04-19,2025-04-18,3.6,1.5,29,OP248,False,,False,3,16,False
EQX1035,Crane,CUST18,,2025-05-04,2025-05-26,2025-05-26,2025-05-26,3.5,9.5,22,,False,,False,4,13,True
EQX1035,Crane,CUST15,S004,2025-06-08,2025-06-26,2025-06-27,2025-06-26,4.0,1.5,19,OP249,False,,False,5,22,False
EQX1035,Crane,CUST11,S004,2025-07-18,2025-08-13,2025-08-13,2025-08-13,2.2,2.9,26,OP139,False,,False,6,4,False
EQX1035,Crane,CUST04,,2025-08-17,2025-09-10,2025-09-10,2025-09-10,0.3,5.2,24,,False,,False,7,31,True
EQX1035,Crane,CUST16,S006,2025-10-11,2025-10-31,2025-11-01,2025-10-31,5.5,0.7,21,OP161,False,,False,8,23,False
EQX1035,Crane,CUST09,S003,2025-11-23,2025-12-02,2025-12-03,2025-12-02,3.2,2.6,10,OP278,False,,False,9,6,False
EQX1035,Crane,CUST07,S005,2025-12-08,2025-12-25,2025-12-25,2025-12-25,3.5,2.2,17,OP218,False,,False,10,23,False
EQX1036,Bulldozer,CUST10,S004,2025-01-01,2025-01-12,2025-01-13,2025-01-12,2.3,6.3,12,OP114,False,,False,1,4,False
EQX1036,Bulldozer,CUST10,S004,2025-01-16,2025-02-02,2025-02-02,2025-02-02,4.0,4.6,17,OP148,False,,False,2,26,False
EQX1036,Bulldozer,CUST06,S006,2025-02-28,2025-03-25,2025-03-26,2025-03-25,2.8,6.0,26,OP229,False,,False,3,6,False
EQX1036,Bulldozer,CUST12,S004,2025-03-31,2025-04-27,2025-04-27,2025-04-27,5.0,3.9,27,OP289,False,,False,4,5,False
EQX1036,Bulldozer,CUST02,S001,2025-05-02,2025-05-26,2025-05-26,2025-05-26,5.8,2.9,24,OP121,False,,False,5,32,False
EQX1036,Bulldozer,CUST17,S001,2025-06-27,2025-07-13,2025-07-14,2025-07-13,4.9,3.8,17,OP139,False,,False,6,11,False
EQX1036,Bulldozer,CUST07,,2025-07-24,2025-08-18,2025-08-18,2025-08-18,2.3,10.3,25,,False,,False,7,3,True
EQX1036,Bulldozer,CUST13,S001,2025-08-21,2025-09-08,2025-09-09,2025-09-08,4.3,4.2,19,OP287,False,,False,8,14,False
EQX1036,Bulldozer,CUST03,S004,2025-09-22,2025-10-05,2025-10-05,2025-10-05,2.1,6.7,13,OP230,False,,False,9,14,False
EQX1036,Bulldozer,CUST06,S006,2025-10-19,2025-11-12,2025-11-13,2025-11-12,4.6,4.6,25,OP131,False,,False,10,19,False
EQX1036,Bulldozer,CUST09,S006,2025-12-01,2025-12-28,2025-12-28,2025-12-28,2.8,4.9,27,OP312,False,,False,11,27,False
EQX1037,Grader,CUST13,S001,2025-01-01,2025-01-19,2025-01-20,2025-01-19,1.8,5.1,19,OP251,False,,False,1,33,False
EQX1037,Grader,CUST16,S002,2025-02-21,2025-03-13,2025-03-13,2025-03-13,1.7,5.1,20,OP309,False,,False,2,15,False
EQX1037,Grader,CUST11,S005,2025-03-28,2025-04-11,2025-04-11,2025-04-11,4.5,2.4,14,OP193,False,,False,3,1,False
EQX1037,Grader,CUST01,S001,2025-04-12,2025-05-09,2025-05-10,2025-05-09,2.4,4.6,28,OP151,False,,False,4,9,False
EQX1037,Grader,CUST12,S001,2025-05-18,2025-06-14,2025-06-15,2025-06-14,2.3,4.1,28,OP305,False,,False,5,19,False
EQX1037,Grader,CUST17,S001,2025-07-03,2025-07-23,2025-07-24,2025-07-23,2.7,4.5,21,OP259,False,,False,6,8,False
EQX1037,Grader,CUST13,S003,2025-07-31,2025-08-10,2025-08-11,2025-08-10,0.3,5.9,11,OP153,False,,False,7,23,False
EQX1037,Grader,CUST17,S006,2025-09-02,2025-09-15,2025-09-15,2025-09-15,1.5,5.2,13,OP246,False,,False,8,10,False
EQX1037,Grader,CUST17,S003,2025-09-25,,2025-10-24,,3.2,4.7,29,OP263,True,True,True,9,36,True
EQX1037,Grader,CUST03,S006,2025-11-29,2025-12-14,2025-12-15,2025-12-14,2.7,4.2,16,OP203,False,,False,10,4,False
EQX1037,Grader,CUST15,S004,2025-12-18,2025-12-30,2025-12-31,2025-12-30,1.9,4.5,13,OP130,False,,False,11,14,False
EQX1038,Crane,CUST05,S003,2025-01-01,2025-01-29,2025-01-29,2025-01-29,2.7,2.8,28,OP285,False,,False,1,8,False
EQX1038,Crane,CUST12,S004,2025-02-06,2025-02-20,2025-02-21,2025-02-20,0.0,9.8,15,OP186,False,,False,2,8,True
EQX1038,Crane,CUST17,S004,2025-02-28,2025-03-13,2025-03-13,2025-03-13,1.6,3.7,13,OP313,False,,False,3,3,False
EQX1038,Crane,CUST15,S006,2025-03-16,2025-03-28,2025-03-29,2025-03-28,1.0,8.2,13,OP124,False,,False,4,0,True
EQX1038,Crane,CUST18,S005,2025-03-28,2025-04-23,2025-04-24,2025-04-23,1.6,4.4,27,OP319,False,,False,5,5,False
EQX1038,Crane,CUST05,S002,2025-04-28,2025-05-17,2025-05-17,2025-05-17,1.4,8.9,19,OP280,False,,False,6,31,True
EQX1038,Crane,CUST08,S004,2025-06-17,2025-07-10,2025-07-10,2025-07-10,3.0,1.8,23,OP150,False,,False,7,7,False
EQX1038,Crane,CUST09,,2025-07-17,2025-07-31,2025-07-31,2025-07-31,0.3,9.8,14,,False,,False,8,5,True
EQX1038,Crane,CUST10,S006,2025-08-05,2025-08-30,2025-08-31,2025-08-30,0.3,5.3,26,OP269,False,,False,9,4,False
EQX1038,Crane,CUST17,S006,2025-09-03,2025-09-19,2025-09-20,2025-09-19,1.9,3.3,17,OP180,False,,False,10,17,False
EQX1038,Crane,CUST13,S001,2025-10-06,2025-10-21,2025-10-22,2025-10-21,1.9,3.1,16,OP258,False,,False,11,3,False
EQX1038,Crane,CUST18,S002,2025-10-24,2025-11-13,2025-11-14,2025-11-13,3.1,1.8,21,OP231,False,,False,12,19,False
EQX1038,Crane,CUST11,S004,2025-12-02,2025-12-13,2025-12-13,2025-12-13,0.8,5.3,11,OP262,False,,False,13,9,False
EQX1039,Grader,CUST15,S006,2025-01-01,,2025-01-22,,1.2,5.1,21,OP167,True,False,True,1,38,True
EQX1039,Grader,CUST03,S006,2025-03-01,2025-03-21,2025-03-21,2025-03-21,4.6,2.1,20,OP235,False,,False,2,49,False
EQX1039,Grader,CUST07,S002,2025-05-09,2025-05-31,2025-05-31,2025-05-31,3.3,3.3,22,OP224,False,,False,3,31,False
EQX1039,Grader,CUST13,S005,2025-07-01,2025-07-21,2025-07-21,2025-07-21,4.4,1.9,20,OP193,False,,False,4,5,False
EQX1039,Grader,CUST18,S002,2025-07-26,2025-08-10,2025-08-10,2025-08-10,3.4,3.5,15,OP195,False,,False,5,21,False
EQX1039,Grader,CUST04,S001,2025-08-31,2025-09-13,2025-09-14,2025-09-13,3.1,3.7,14,OP140,False,,False,6,8,False
EQX1039,Grader,CUST11,S005,2025-09-21,2025-10-19,2025-10-20,2025-10-19,0.7,5.3,29,OP102,False,,False,7,39,False
EQX1039,Grader,CUST05,S004,2025-11-27,2025-12-15,2025-12-15,2025-12-15,1.4,4.7,18,OP314,False,,False,8,41,False
EQX1040,Excavator,CUST03,S004,2025-01-01,2025-01-13,2025-01-14,2025-01-13,2.1,6.7,13,OP147,False,,False,1,1,False
EQX1040,Excavator,CUST17,S003,2025-01-14,2025-02-09,2025-02-10,2025-02-09,1.1,8.1,27,OP117,False,,False,2,8,False
EQX1040,Excavator,CUST10,S004,2025-02-17,2025-03-06,2025-03-06,2025-03-06,0.2,8.3,17,OP287,False,,False,3,13,False
EQX1040,Excavator,CUST14,S004,2025-03-19,2025-04-05,2025-04-06,2025-04-05,1.2,6.8,18,OP111,False,,False,4,2,False
EQX1040,Excavator,CUST16,S004,2025-04-07,2025-04-18,2025-04-18,2025-04-18,0.0,8.7,11,OP127,False,,False,5,41,False
EQX1040,Excavator,CUST03,S004,2025-05-29,2025-06-18,2025-06-18,2025-06-18,0.1,8.8,20,OP274,False,,False,6,4,False
EQX1040,Excavator,CUST06,S004,2025-06-22,2025-07-09,2025-07-10,2025-07-09,2.7,5.7,18,OP229,False,,False,7,62,False
EQX1040,Excavator,CUST15,S004,2025-09-09,2025-09-23,2025-09-23,2025-09-23,0.0,8.6,14,OP172,False,,False,8,32,False
EQX1040,Excavator,CUST04,S002,2025-10-25,2025-11-03,2025-11-04,2025-11-03,0.0,8.9,10,OP181,False,,False,9,16,False
EQX1040,Excavator,CUST07,S004,2025-11-19,2025-12-02,2025-12-02,2025-12-02,1.4,7.3,13,OP246,False,,False,10,121,False
EQX1041,Grader,CUST17,S006,2025-01-01,2025-01-29,2025-01-29,2025-01-29,1.0,5.3,28,OP266,False,,False,1,1,False
EQX1041,Grader,CUST01,S003,2025-01-30,2025-02-12,2025-02-12,2025-02-12,1.9,5.1,13,OP191,False,,False,2,21,False
EQX1041,Grader,CUST11,S002,2025-03-05,2025-04-03,2025-04-03,2025-04-03,3.4,9.2,29,OP270,False,,False,3,17,True
EQX1041,Grader,CUST06,S004,2025-04-20,2025-04-29,2025-04-30,2025-04-29,0.5,6.3,10,OP124,False,,False,4,31,False
EQX1041,Grader,CUST13,S006,2025-05-30,2025-06-25,2025-06-25,2025-06-25,2.0,8.7,26,OP284,False,,False,5,16,True
EQX1041,Grader,CUST09,S004,2025-07-11,2025-07-21,2025-07-21,2025-07-21,0.0,12.4,10,OP189,False,,False,6,45,True
EQX1041,Grader,CUST04,S006,2025-09-04,2025-09-26,2025-09-26,2025-09-26,0.8,5.9,22,OP254,False,,False,7,5,False
EQX1041,Grader,CUST07,S005,2025-10-01,2025-10-21,2025-10-21,2025-10-21,1.1,5.4,20,OP237,False,,False,8,144,False
EQX1042,Crane,CUST01,S005,2025-01-01,2025-01-22,2025-01-23,2025-01-22,1.6,3.9,22,OP263,False,,False,1,59,False
EQX1042,Crane,CUST08,S003,2025-03-22,,2025-04-09,,2.3,6.3,18,OP305,True,True,True,2,9,True
EQX1042,Crane,CUST15,S004,2025-04-18,2025-05-14,2025-05-14,2025-05-14,1.0,4.6,26,OP244,False,,False,3,2,False
EQX1042,Crane,CUST01,S005,2025-05-16,2025-06-01,2025-06-01,2025-06-01,1.5,3.2,16,OP130,False,,False,4,51,False
EQX1042,Crane,CUST03,S005,2025-07-22,2025-08-11,2025-08-12,2025-08-11,3.3,2.4,21,OP300,False,,False,5,15,False
EQX1042,Crane,CUST12,S003,2025-08-26,2025-09-24,2025-09-24,2025-09-24,0.9,5.0,29,OP266,False,,False,6,20,False
EQX1042,Crane,CUST01,S002,2025-10-14,2025-10-30,2025-10-30,2025-10-30,2.4,2.6,16,OP280,False,,False,7,3,False
EQX1042,Crane,CUST12,S004,2025-11-02,2025-11-26,2025-11-26,2025-11-26,2.9,3.0,24,OP311,False,,False,8,22,False
EQX1043,Grader,CUST08,S002,2025-01-01,2025-01-12,2025-01-13,2025-01-12,5.6,0.1,12,OP189,False,,False,1,5,False
EQX1043,Grader,CUST14,S003,2025-01-17,2025-01-31,2025-02-01,2025-01-31,6.0,0.3,15,OP253,False,,False,2,5,False
EQX1043,Grader,CUST17,S002,2025-02-05,2025-03-03,2025-03-04,2025-03-03,5.9,0.6,27,OP319,False,,False,3,1,False
EQX1043,Grader,CUST06,S006,2025-03-04,2025-03-20,2025-03-21,2025-03-20,5.4,0.4,17,OP239,False,,False,4,8,False
EQX1043,Grader,CUST04,S003,2025-03-28,2025-04-22,2025-04-22,2025-04-22,5.8,0.1,25,OP323,False,,False,5,20,False
EQX1043,Grader,CUST01,S004,2025-05-12,2025-05-24,2025-05-25,2025-05-24,5.8,1.2,13,OP113,False,,False,6,3,False
EQX1043,Grader,CUST15,S006,2025-05-27,2025-06-14,2025-06-14,2025-06-14,4.9,1.3,18,OP316,False,,False,7,16,False
EQX1043,Grader,CUST17,S002,2025-06-30,2025-07-13,2025-07-13,2025-07-13,6.0,0.1,13,OP268,False,,False,8,2,False
EQX1043,Grader,CUST12,S005,2025-07-15,2025-07-27,2025-07-28,2025-07-27,6.4,0.6,13,OP287,False,,False,9,9,False
EQX1043,Grader,CUST18,S004,2025-08-05,2025-08-28,2025-08-28,2025-08-28,5.6,0.2,23,OP222,False,,False,10,4,False
EQX1043,Grader,CUST04,S005,2025-09-01,2025-09-21,2025-09-21,2025-09-21,5.4,0.7,20,OP116,False,,False,11,14,False
EQX1043,Grader,CUST04,S002,2025-10-05,2025-10-20,2025-10-20,2025-10-20,2.0,4.5,15,OP189,False,,False,12,1,False
EQX1043,Grader,CUST06,S004,2025-10-21,2025-11-16,2025-11-16,2025-11-16,5.9,0.6,26,OP299,False,,False,13,0,False
EQX1043,Grader,CUST01,S003,2025-11-16,2025-12-02,2025-12-03,2025-12-02,4.5,1.2,17,OP289,False,,False,14,1,False
EQX1043,Grader,CUST18,S004,2025-12-03,2025-12-17,2025-12-17,2025-12-17,5.6,1.1,14,OP265,False,,False,15,10,False
EQX1044,Excavator,CUST17,S001,2025-01-01,2025-01-14,2025-01-14,2025-01-14,3.9,7.0,13,OP285,False,,False,1,12,True
EQX1044,Excavator,CUST15,S003,2025-01-26,2025-02-19,2025-02-19,2025-02-19,6.3,2.2,24,OP182,False,,False,2,37,False
EQX1044,Excavator,CUST03,S002,2025-03-28,2025-04-16,2025-04-16,2025-04-16,0.4,9.0,19,OP183,False,,False,3,40,True
EQX1044,Excavator,CUST07,S006,2025-05-26,2025-06-07,2025-06-08,2025-06-07,5.4,3.9,13,OP325,False,,False,4,1,False
EQX1044,Excavator,CUST12,S001,2025-06-08,2025-07-02,2025-07-03,2025-07-02,5.8,2.5,25,OP308,False,,False,5,14,False
EQX1044,Excavator,CUST05,S003,2025-07-16,2025-07-28,2025-07-28,2025-07-28,4.0,4.1,12,OP124,False,,False,6,6,False
EQX1044,Excavator,CUST15,S001,2025-08-03,2025-08-13,2025-08-13,2025-08-13,5.3,2.5,10,OP323,False,,False,7,11,False
EQX1044,Excavator,CUST16,S006,2025-08-24,2025-09-06,2025-09-07,2025-09-06,0.0,11.5,14,OP272,False,,False,8,11,True
EQX1044,Excavator,CUST13,S002,2025-09-17,2025-10-15,2025-10-15,2025-10-15,0.0,11.5,28,OP274,False,,False,9,23,True
EQX1044,Excavator,CUST07,S005,2025-11-07,2025-12-03,2025-12-04,2025-12-03,4.8,4.1,27,OP125,False,,False,10,20,False
EQX1045,Grader,CUST17,S005,2025-01-01,2025-01-28,2025-01-28,2025-01-28,1.4,5.3,27,OP253,False,,False,1,23,False
EQX1045,Grader,CUST16,S004,2025-02-20,,2025-03-09,,3.9,5.9,17,OP262,True,True,True,2,3,True
EQX1045,Grader,CUST09,S001,2025-03-12,2025-03-29,2025-03-29,2025-03-29,0.0,6.6,17,OP233,False,,False,3,4,False
EQX1045,Grader,CUST07,S003,2025-04-02,2025-04-15,2025-04-16,2025-04-15,0.1,7.5,14,OP144,False,,False,4,33,True
EQX1045,Grader,CUST13,S001,2025-05-18,2025-05-30,2025-05-31,2025-05-30,0.1,5.9,13,OP130,False,,False,5,68,False
EQX1045,Grader,CUST17,S004,2025-08-06,2025-08-18,2025-08-19,2025-08-18,1.5,4.4,13,OP268,False,,False,6,3,False
EQX1045,Grader,CUST03,S005,2025-08-21,,2025-09-01,,3.2,5.0,11,OP198,True,True,True,7,63,True
EQX1045,Grader,CUST04,S001,2025-11-03,2025-11-22,2025-11-22,2025-11-22,0.0,12.6,19,OP272,False,,False,8,46,True
EQX1046,Bulldozer,CUST01,S002,2025-01-01,2025-01-14,2025-01-14,2025-01-14,4.3,4.1,13,OP179,False,,False,1,6,False
EQX1046,Bulldozer,CUST09,S003,2025-01-20,2025-02-13,2025-02-13,2025-02-13,5.8,2.1,24,OP138,False,,False,2,6,False
EQX1046,Bulldozer,CUST08,S001,2025-02-19,2025-03-16,2025-03-16,2025-03-16,7.0,0.7,25,OP208,False,,False,3,7,False
EQX1046,Bulldozer,CUST15,S002,2025-03-23,2025-04-15,2025-04-15,2025-04-15,5.8,1.9,23,OP210,False,,False,4,3,False
EQX1046,Bulldozer,CUST03,S005,2025-04-18,2025-05-15,2025-05-15,2025-05-15,5.2,3.2,27,OP141,False,,False,5,17,False
EQX1046,Bulldozer,CUST02,S006,2025-06-01,2025-06-28,2025-06-29,2025-06-28,4.0,4.5,28,OP155,False,,False,6,4,False
EQX1046,Bulldozer,CUST17,S005,2025-07-02,2025-07-30,2025-07-31,2025-07-30,4.0,4.9,29,OP229,False,,False,7,1,False
EQX1046,Bulldozer,CUST11,S006,2025-07-31,2025-08-24,2025-08-24,2025-08-24,3.4,5.1,24,OP183,False,,False,8,5,False
EQX1046,Bulldozer,CUST12,S003,2025-08-29,2025-09-10,2025-09-10,2025-09-10,4.9,3.3,12,OP282,False,,False,9,28,False
EQX1046,Bulldozer,CUST08,S003,2025-10-08,2025-10-19,2025-10-19,2025-10-19,8.4,0.9,11,OP171,False,,False,10,3,False
EQX1046,Bulldozer,CUST06,S002,2025-10-22,2025-11-17,2025-11-18,2025-11-17,4.0,4.3,27,OP314,False,,False,11,3,False
EQX1046,Bulldozer,CUST02,S004,2025-11-20,2025-12-03,2025-12-03,2025-12-03,4.8,7.3,13,OP230,False,,False,12,36,True
EQX1047,Grader,CUST08,S006,2025-01-01,2025-01-22,2025-01-23,2025-01-22,4.2,2.5,22,OP295,False,,False,1,3,False
EQX1047,Grader,CUST11,S002,2025-01-25,2025-02-15,2025-02-16,2025-02-15,2.7,3.6,22,OP216,False,,False,2,28,False
EQX1047,Grader,CUST16,S003,2025-03-15,2025-04-11,2025-04-12,2025-04-11,5.1,1.4,28,OP215,False,,False,3,2,False
EQX1047,Grader,CUST18,,2025-04-13,2025-04-29,2025-04-29,2025-04-29,3.4,9.4,16,,False,,False,4,6,True
EQX1047,Grader,CUST08,S005,2025-05-05,2025-06-02,2025-06-03,2025-06-02,2.5,3.3,29,OP259,False,,False,5,13,False
EQX1047,Grader,CUST02,S002,2025-06-15,2025-07-11,2025-07-12,2025-07-11,2.5,4.2,27,OP298,False,,False,6,19,False
EQX1047,Grader,CUST03,S005,2025-07-30,2025-08-25,2025-08-26,2025-08-25,2.7,3.2,27,OP115,False,,False,7,47,False
EQX1047,Grader,CUST07,S002,2025-10-11,2025-10-31,2025-11-01,2025-10-31,3.6,2.3,21,OP193,False,,False,8,9,False
EQX1047,Grader,CUST02,S001,2025-11-09,2025-12-06,2025-12-07,2025-12-06,3.2,3.2,28,OP206,False,,False,9,1,False
EQX1047,Grader,CUST18,S001,2025-12-07,,2025-12-25,,2.0,3.4,18,OP226,True,True,False,10,22,True
EQX1048,Crane,CUST05,S003,2025-01-01,2025-01-26,2025-01-27,2025-01-26,2.9,2.1,26,OP138,False,,False,1,26,False
EQX1048,Crane,CUST18,S002,2025-02-21,2025-03-18,2025-03-18,2025-03-18,3.7,2.3,25,OP106,False,,False,2,1,False
EQX1048,Crane,CUST14,S001,2025-03-19,2025-04-05,2025-04-06,2025-04-05,2.8,2.5,18,OP274,False,,False,3,4,False
EQX1048,Crane,CUST15,S003,2025-04-09,2025-04-30,2025-04-30,2025-04-30,3.6,1.7,21,OP313,False,,False,4,37,False
EQX1048,Crane,CUST09,S002,2025-06-06,2025-07-02,2025-07-02,2025-07-02,4.0,2.2,26,OP197,False,,False,5,5,False
EQX1048,Crane,CUST12,S002,2025-07-07,2025-08-01,2025-08-01,2025-08-01,1.3,8.3,25,OP134,False,,False,6,4,True
EQX1048,Crane,CUST16,S004,2025-08-05,,2025-09-01,,1.5,7.2,27,OP222,True,True,True,7,0,True
EQX1048,Crane,CUST07,S004,2025-09-01,2025-09-16,2025-09-16,2025-09-16,1.8,3.4,15,OP280,False,,False,8,2,False
EQX1048,Crane,CUST02,S002,2025-09-18,2025-10-04,2025-10-04,2025-10-04,3.5,1.8,16,OP277,False,,False,9,1,False
EQX1048,Crane,CUST18,S006,2025-10-05,2025-10-18,2025-10-18,2025-10-18,3.2,1.8,13,OP144,False,,False,10,21,False
EQX1048,Crane,CUST04,S005,2025-11-08,2025-11-24,2025-11-25,2025-11-24,2.8,2.8,17,OP154,False,,False,11,23,False
EQX1049,Excavator,CUST01,S005,2025-01-01,2025-01-24,2025-01-24,2025-01-24,2.5,6.5,23,OP113,False,,False,1,21,False
EQX1049,Excavator,CUST17,S001,2025-02-14,2025-03-15,2025-03-15,2025-03-15,2.7,5.9,29,OP173,False,,False,2,32,False
EQX1049,Excavator,CUST14,,2025-04-16,2025-04-29,2025-04-29,2025-04-29,2.1,6.4,13,,False,,False,3,50,True
EQX1049,Excavator,CUST05,S003,2025-06-18,,2025-07-05,,1.8,5.7,17,OP216,True,False,True,4,49,True
EQX1049,Excavator,CUST09,S004,2025-08-23,2025-09-03,2025-09-04,2025-09-03,2.0,6.8,12,OP180,False,,False,5,15,False
EQX1049,Excavator,CUST10,S005,2025-09-18,2025-09-30,2025-10-01,2025-09-30,1.3,7.3,13,OP244,False,,False,6,80,False
EQX1049,Excavator,CUST15,S003,2025-12-19,2025-12-29,2025-12-29,2025-12-29,2.5,5.7,10,OP207,False,,False,7,66,False
EQX1050,Excavator,CUST03,S002,2025-01-01,2025-01-29,2025-01-29,2025-01-29,2.0,6.3,28,OP324,False,,False,1,12,False
EQX1050,Excavator,CUST04,S005,2025-02-10,2025-03-03,2025-03-04,2025-03-03,2.3,6.8,22,OP217,False,,False,2,1,False
EQX1050,Excavator,CUST10,S006,2025-03-04,2025-03-20,2025-03-21,2025-03-20,4.0,4.6,17,OP307,False,,False,3,3,False
EQX1050,Excavator,CUST14,S001,2025-03-23,2025-04-01,2025-04-02,2025-04-01,0.1,8.0,10,OP125,False,,False,4,26,False
EQX1050,Excavator,CUST12,S006,2025-04-27,2025-05-23,2025-05-24,2025-05-23,0.1,8.0,27,OP148,False,,False,5,0,False
EQX1050,Excavator,CUST02,S002,2025-05-23,2025-06-09,2025-06-09,2025-06-09,2.2,5.8,17,OP300,False,,False,6,54,False
EQX1050,Excavator,CUST14,S003,2025-08-02,2025-08-25,2025-08-26,2025-08-25,1.2,7.2,24,OP282,False,,False,7,63,False
EQX1050,Excavator,CUST18,S004,2025-10-27,2025-11-22,2025-11-22,2025-11-22,1.7,6.7,26,OP279,False,,False,8,11,False
EQX1050,Excavator,CUST11,S005,2025-12-03,2025-12-19,2025-12-20,2025-12-19,2.5,6.5,17,OP147,False,,False,9,4,False
EQX1051,Excavator,CUST14,S006,2025-01-01,2025-01-29,2025-01-29,2025-01-29,2.6,5.3,28,OP109,False,,False,1,3,False
EQX1051,Excavator,CUST01,S004,2025-02-01,2025-02-23,2025-02-23,2025-02-23,4.8,4.4,22,OP202,False,,False,2,33,False
EQX1051,Excavator,CUST02,S006,2025-03-28,2025-04-12,2025-04-13,2025-04-12,0.3,7.5,16,OP235,False,,False,3,7,False
EQX1051,Excavator,CUST04,S002,2025-04-19,2025-05-14,2025-05-15,2025-05-14,2.6,6.0,26,OP312,False,,False,4,19,False
EQX1051,Excavator,CUST18,S006,2025-06-02,2025-06-29,2025-06-29,2025-06-29,1.4,7.2,27,OP266,False,,False,5,46,False
EQX1051,Excavator,CUST12,,2025-08-14,2025-08-24,2025-08-24,2025-08-24,3.7,8.4,10,OP218,False,,False,6,22,True
EQX1051,Excavator,CUST07,S001,2025-09-15,2025-10-10,2025-10-10,2025-10-10,3.6,4.3,25,OP286,False,,False,7,11,False
EQX1051,Excavator,CUST10,S002,2025-10-21,,2025-11-02,,2.7,4.9,12,OP124,True,True,True,8,18,True
EQX1051,Excavator,CUST01,S005,2025-11-20,2025-12-05,2025-12-05,2025-12-05,1.9,6.1,15,OP101,False,,False,9,19,False
EQX1052,Crane,CUST04,S001,2025-01-01,2025-01-15,2025-01-16,2025-01-15,2.1,2.9,15,OP274,False,,False,1,3,False
EQX1052,Crane,CUST12,S002,2025-01-18,2025-01-29,2025-01-30,2025-01-29,2.6,2.6,12,OP152,False,,False,2,8,False
EQX1052,Crane,CUST03,S002,2025-02-06,2025-02-27,2025-02-27,2025-02-27,2.0,3.2,21,OP203,False,,False,3,57,False
EQX1052,Crane,CUST12,S006,2025-04-25,2025-05-21,2025-05-21,2025-05-21,2.3,3.0,26,OP287,False,,False,4,6,False
EQX1052,Crane,CUST14,S002,2025-05-27,2025-06-10,2025-06-10,2025-06-10,2.3,2.7,14,OP242,False,,False,5,13,False
EQX1052,Crane,CUST11,S004,2025-06-23,2025-07-20,2025-07-21,2025-07-20,2.7,2.5,28,OP125,False,,False,6,40,False
EQX1052,Crane,CUST13,S003,2025-08-29,2025-09-13,2025-09-14,2025-09-13,2.0,2.8,16,OP243,False,,False,7,7,False
EQX1052,Crane,CUST01,S004,2025-09-20,2025-10-09,2025-10-10,2025-10-09,2.1,3.6,20,OP108,False,,False,8,58,False
EQX1052,Crane,CUST13,S002,2025-12-06,2025-12-29,2025-12-29,2025-12-29,1.7,3.9,23,OP208,False,,False,9,56,False
EQX1053,Crane,CUST10,S004,2025-01-01,,2025-01-29,,4.9,4.9,28,OP103,True,True,True,1,6,True
EQX1053,Crane,CUST18,S003,2025-02-04,2025-02-23,2025-02-24,2025-02-23,2.5,2.9,20,OP262,False,,False,2,1,False
EQX1053,Crane,CUST18,S004,2025-02-24,2025-03-24,2025-03-24,2025-03-24,3.0,2.3,28,OP269,False,,False,3,24,False
EQX1053,Crane,CUST14,S002,2025-04-17,2025-04-26,2025-04-27,2025-04-26,2.7,2.7,10,OP266,False,,False,4,10,False
EQX1053,Crane,CUST02,S001,2025-05-06,2025-05-18,2025-05-18,2025-05-18,4.5,0.8,12,OP315,False,,False,5,7,False
EQX1053,Crane,CUST16,S001,2025-05-25,2025-06-17,2025-06-18,2025-06-17,4.0,1.8,24,OP210,False,,False,6,17,False
EQX1053,Crane,CUST17,S006,2025-07-04,2025-07-30,2025-07-31,2025-07-30,3.5,2.3,27,OP213,False,,False,7,21,False
EQX1053,Crane,CUST15,S004,2025-08-20,2025-09-08,2025-09-09,2025-09-08,2.9,2.9,20,OP115,False,,False,8,2,False
EQX1053,Crane,CUST04,S004,2025-09-10,2025-10-04,2025-10-05,2025-10-04,2.9,2.9,25,OP311,False,,False,9,53,False
EQX1053,Crane,CUST10,S001,2025-11-26,2025-12-07,2025-12-07,2025-12-07,2.9,2.2,11,OP304,False,,False,10,8,False
EQX1053,Crane,CUST01,S004,2025-12-15,2025-12-29,2025-12-30,2025-12-29,3.1,2.5,15,OP212,False,,False,11,0,False
EQX1054,Grader,CUST10,S006,2025-01-01,2025-01-28,2025-01-28,2025-01-28,0.1,6.9,27,OP156,False,,False,1,15,False
EQX1054,Grader,CUST06,S006,2025-02-12,2025-03-13,2025-03-13,2025-03-13,0.0,10.3,29,OP124,False,,False,2,38,True
EQX1054,Grader,CUST01,S001,2025-04-20,2025-05-15,2025-05-16,2025-05-15,3.5,2.4,26,OP230,False,,False,3,2,False
EQX1054,Grader,CUST02,S005,2025-05-17,2025-06-15,2025-06-15,2025-06-15,1.6,4.8,29,OP283,False,,False,4,0,False
EQX1054,Grader,CUST02,S003,2025-06-15,2025-07-08,2025-07-08,2025-07-08,3.0,3.4,23,OP310,False,,False,5,26,False
EQX1054,Grader,CUST17,S005,2025-08-03,2025-08-29,2025-08-30,2025-08-29,2.0,4.6,27,OP266,False,,False,6,1,False
EQX1054,Grader,CUST05,S006,2025-08-30,,2025-09-25,,3.2,6.5,26,OP303,True,True,True,7,103,True
EQX1055,Grader,CUST01,S005,2025-01-01,2025-01-26,2025-01-26,2025-01-26,5.0,1.2,25,OP276,False,,False,1,0,False
EQX1055,Grader,CUST18,S003,2025-01-26,2025-02-22,2025-02-22,2025-02-22,5.2,1.7,27,OP266,False,,False,2,2,False
EQX1055,Grader,CUST06,S003,2025-02-24,2025-03-22,2025-03-23,2025-03-22,5.3,2.1,27,OP236,False,,False,3,2,False
EQX1055,Grader,CUST11,S006,2025-03-24,2025-04-08,2025-04-08,2025-04-08,0.6,8.2,15,OP249,False,,False,4,2,True
EQX1055,Grader,CUST12,S002,2025-04-10,,2025-05-04,,4.9,5.1,24,OP232,True,True,True,5,4,True
EQX1055,Grader,CUST17,S004,2025-05-08,2025-05-31,2025-05-31,2025-05-31,4.5,1.7,23,OP170,False,,False,6,0,False
EQX1055,Grader,CUST06,S005,2025-05-31,2025-06-15,2025-06-15,2025-06-15,5.9,0.3,15,OP157,False,,False,7,6,False
EQX1055,Grader,CUST03,S005,2025-06-21,2025-07-09,2025-07-10,2025-07-09,5.8,0.9,19,OP175,False,,False,8,6,False
EQX1055,Grader,CUST06,S003,2025-07-15,2025-08-08,2025-08-08,2025-08-08,1.1,9.6,24,OP168,False,,False,9,16,True
EQX1055,Grader,CUST03,S004,2025-08-24,2025-09-04,2025-09-04,2025-09-04,5.9,1.3,11,OP200,False,,False,10,2,False
EQX1055,Grader,CUST17,S004,2025-09-06,2025-09-27,2025-09-28,2025-09-27,4.2,2.3,22,OP198,False,,False,11,10,False
EQX1055,Grader,CUST15,S003,2025-10-07,2025-11-02,2025-11-03,2025-11-02,5.7,0.8,27,OP282,False,,False,12,3,False
EQX1055,Grader,CUST13,S003,2025-11-05,2025-11-20,2025-11-20,2025-11-20,4.9,1.5,15,OP102,False,,False,13,6,False
EQX1055,Grader,CUST03,S003,2025-11-26,2025-12-11,2025-12-11,2025-12-11,5.4,0.6,15,OP170,False,,False,14,1,False
EQX1056,Bulldozer,CUST15,S004,2025-01-01,2025-01-27,2025-01-27,2025-01-27,1.7,6.9,26,OP212,False,,False,1,0,False
EQX1056,Bulldozer,CUST06,S006,2025-01-27,2025-02-22,2025-02-23,2025-02-22,0.6,8.4,27,OP216,False,,False,2,2,False
EQX1056,Bulldozer,CUST06,S003,2025-02-24,2025-03-23,2025-03-23,2025-03-23,0.8,7.3,27,OP197,False,,False,3,52,False
EQX1056,Bulldozer,CUST13,S004,2025-05-14,2025-06-04,2025-06-05,2025-06-04,0.3,8.6,22,OP123,False,,False,4,12,False
EQX1056,Bulldozer,CUST02,S005,2025-06-16,2025-07-05,2025-07-05,2025-07-05,2.6,6.4,19,OP242,False,,False,5,4,False
EQX1056,Bulldozer,CUST07,S004,2025-07-09,2025-07-24,2025-07-24,2025-07-24,3.5,5.8,15,OP225,False,,False,6,1,False
EQX1056,Bulldozer,CUST11,S002,2025-07-25,2025-08-15,2025-08-16,2025-08-15,1.3,10.4,22,OP222,False,,False,7,2,True
EQX1056,Bulldozer,CUST12,S005,2025-08-17,2025-09-12,2025-09-12,2025-09-12,3.0,5.8,26,OP291,False,,False,8,8,False
EQX1056,Bulldozer,CUST04,S006,2025-09-20,2025-10-01,2025-10-01,2025-10-01,1.3,7.2,11,OP184,False,,False,9,32,False
EQX1056,Bulldozer,CUST12,S002,2025-11-02,2025-11-17,2025-11-18,2025-11-17,0.0,8.0,16,OP171,False,,False,10,32,False
EQX1057,Bulldozer,CUST11,S001,2025-01-01,2025-01-24,2025-01-24,2025-01-24,2.6,5.6,23,OP216,False,,False,1,22,False
EQX1057,Bulldozer,CUST18,S001,2025-02-15,2025-03-07,2025-03-07,2025-03-07,0.0,12.0,20,OP192,False,,False,2,50,True
EQX1057,Bulldozer,CUST13,S006,2025-04-26,2025-05-06,2025-05-07,2025-05-06,0.9,7.4,11,OP136,False,,False,3,20,False
EQX1057,Bulldozer,CUST14,S005,2025-05-26,2025-06-15,2025-06-15,2025-06-15,0.6,8.5,20,OP324,False,,False,4,55,False
EQX1057,Bulldozer,CUST10,S004,2025-08-09,2025-08-20,2025-08-21,2025-08-20,1.6,10.5,12,OP204,False,,False,5,17,True
EQX1057,Bulldozer,CUST03,S006,2025-09-06,2025-09-22,2025-09-22,2025-09-22,1.3,6.9,16,OP224,False,,False,6,27,False
EQX1057,Bulldozer,CUST07,S004,2025-10-19,2025-10-29,2025-10-29,2025-10-29,3.2,5.2,10,OP164,False,,False,7,1,False
EQX1057,Bulldozer,CUST13,S001,2025-10-30,2025-11-10,2025-11-11,2025-11-10,1.5,7.5,12,OP123,False,,False,8,25,False
EQX1057,Bulldozer,CUST15,S001,2025-12-05,2025-12-25,2025-12-26,2025-12-25,1.5,7.4,21,OP325,False,,False,9,8,False
EQX1058,Crane,CUST17,S002,2025-01-01,2025-01-13,2025-01-13,2025-01-13,2.0,3.5,12,OP260,False,,False,1,17,False
EQX1058,Crane,CUST04,S004,2025-01-30,2025-02-14,2025-02-15,2025-02-14,0.0,4.8,16,OP176,False,,False,2,45,False
EQX1058,Crane,CUST11,S005,2025-03-31,2025-04-25,2025-04-26,2025-04-25,0.1,4.8,26,OP215,False,,False,3,3,False
EQX1058,Crane,CUST18,S006,2025-04-28,2025-05-21,2025-05-21,2025-05-21,0.0,5.5,23,OP165,False,,False,4,24,False
EQX1058,Crane,CUST09,S006,2025-06-14,2025-06-27,2025-06-27,2025-06-27,1.4,4.7,13,OP148,False,,False,5,33,False
EQX1058,Crane,CUST15,S003,2025-07-30,2025-08-13,2025-08-14,2025-08-13,0.8,4.6,15,OP311,False,,False,6,2,False
EQX1058,Crane,CUST05,S001,2025-08-15,2025-09-02,2025-09-02,2025-09-02,1.4,4.3,18,OP205,False,,False,7,18,False
EQX1058,Crane,CUST18,S001,2025-09-20,2025-10-17,2025-10-18,2025-10-17,0.2,5.0,28,OP161,False,,False,8,28,False
EQX1058,Crane,CUST17,S004,2025-11-14,2025-12-11,2025-12-12,2025-12-11,1.7,3.8,28,OP307,False,,False,9,25,False
EQX1059,Crane,CUST05,S004,2025-01-01,2025-01-25,2025-01-26,2025-01-25,1.7,5.4,25,OP197,False,,False,1,38,True
EQX1059,Crane,CUST09,S002,2025-03-04,2025-04-02,2025-04-02,2025-04-02,0.3,4.8,29,OP229,False,,False,2,43,False
EQX1059,Crane,CUST09,S002,2025-05-15,2025-05-26,2025-05-27,2025-05-26,1.7,3.4,12,OP288,False,,False,3,1,False
EQX1059,Crane,CUST10,S003,2025-05-27,2025-06-13,2025-06-13,2025-06-13,1.4,3.6,17,OP226,False,,False,4,141,False
EQX1059,Crane,CUST06,S003,2025-11-01,2025-11-21,2025-11-22,2025-11-21,2.7,2.8,21,OP287,False,,False,5,2,False
EQX1059,Crane,CUST14,S004,2025-11-23,2025-12-08,2025-12-08,2025-12-08,0.0,5.0,15,OP121,False,,False,6,54,False
EQX1060,Bulldozer,CUST08,S002,2025-01-01,2025-01-20,2025-01-20,2025-01-20,2.5,6.2,19,OP126,False,,False,1,6,False
EQX1060,Bulldozer,CUST07,S002,2025-01-26,2025-02-08,2025-02-09,2025-02-08,2.3,6.7,14,OP195,False,,False,2,7,False
EQX1060,Bulldozer,CUST13,S004,2025-02-15,2025-03-07,2025-03-07,2025-03-07,0.0,9.8,20,OP260,False,,False,3,10,True
EQX1060,Bulldozer,CUST07,S001,2025-03-17,2025-04-04,2025-04-04,2025-04-04,0.0,12.7,18,OP253,False,,False,4,14,True
EQX1060,Bulldozer,CUST18,S003,2025-04-18,2025-05-07,2025-05-07,2025-05-07,0.7,8.0,19,OP268,False,,False,5,18,False
EQX1060,Bulldozer,CUST03,S006,2025-05-25,2025-06-20,2025-06-21,2025-06-20,1.6,6.9,27,OP121,False,,False,6,4,False
EQX1060,Bulldozer,CUST09,S004,2025-06-24,2025-07-21,2025-07-21,2025-07-21,2.2,6.5,27,OP229,False,,False,7,30,False
EQX1060,Bulldozer,CUST18,S001,2025-08-20,2025-09-18,2025-09-18,2025-09-18,2.0,6.3,29,OP215,False,,False,8,0,False
EQX1060,Bulldozer,CUST18,S004,2025-09-18,,2025-10-08,,5.0,4.9,20,OP176,True,True,True,9,28,True
EQX1060,Bulldozer,CUST14,S005,2025-11-05,2025-11-27,2025-11-27,2025-11-27,1.2,5.1,22,OP262,False,,False,10,10,True
EQX1061,Crane,CUST01,S005,2025-01-01,2025-01-28,2025-01-29,2025-01-28,4.0,2.3,28,OP126,False,,False,1,30,False
EQX1061,Crane,CUST12,S004,2025-02-27,2025-03-13,2025-03-13,2025-03-13,5.2,0.5,14,OP293,False,,False,2,0,False
EQX1061,Crane,CUST17,S002,2025-03-13,2025-04-10,2025-04-11,2025-04-10,3.9,1.7,29,OP315,False,,False,3,13,False
EQX1061,Crane,CUST03,S002,2025-04-23,2025-05-14,2025-05-14,2025-05-14,4.1,2.3,21,OP202,False,,False,4,18,False
EQX1061,Crane,CUST18,S001,2025-06-01,2025-06-25,2025-06-26,2025-06-25,4.4,1.5,25,OP229,False,,False,5,10,False
EQX1061,Crane,CUST03,S004,2025-07-05,2025-07-16,2025-07-16,2025-07-16,3.0,2.5,11,OP193,False,,False,6,42,False
EQX1061,Crane,CUST05,S006,2025-08-27,2025-09-08,2025-09-08,2025-09-08,2.9,2.8,12,OP260,False,,False,7,1,False
EQX1061,Crane,CUST16,S004,2025-09-09,2025-09-21,2025-09-21,2025-09-21,0.0,11.5,12,OP236,False,,False,8,17,True
EQX1061,Crane,CUST04,S001,2025-10-08,2025-10-22,2025-10-23,2025-10-22,4.0,2.1,15,OP162,False,,False,9,5,False
EQX1061,Crane,CUST05,S004,2025-10-27,2025-11-14,2025-11-14,2025-11-14,4.0,1.1,18,OP154,False,,False,10,30,False
EQX1062,Grader,CUST14,S001,2025-01-01,2025-01-22,2025-01-22,2025-01-22,5.7,1.5,21,OP117,False,,False,1,9,False
EQX1062,Grader,CUST02,S004,2025-01-31,2025-02-11,2025-02-12,2025-02-11,4.0,2.1,12,OP252,False,,False,2,0,False
EQX1062,Grader,CUST16,S003,2025-02-11,2025-03-03,2025-03-04,2025-03-03,4.6,2.3,21,OP115,False,,False,3,3,False
EQX1062,Grader,CUST09,S006,2025-03-06,2025-03-20,2025-03-21,2025-03-20,4.4,1.8,15,OP315,False,,False,4,13,False
EQX1062,Grader,CUST05,S006,2025-04-02,2025-04-26,2025-04-26,2025-04-26,0.0,12.3,24,OP144,False,,False,5,2,True
EQX1062,Grader,CUST10,S001,2025-04-28,,2025-05-17,,1.5,5.9,19,OP241,True,True,True,6,4,True
EQX1062,Grader,CUST18,S006,2025-05-21,2025-06-18,2025-06-18,2025-06-18,3.9,2.1,28,OP245,False,,False,7,8,False
EQX1062,Grader,CUST03,S003,2025-06-26,2025-07-22,2025-07-22,2025-07-22,5.4,0.8,26,OP290,False,,False,8,2,False
EQX1062,Grader,CUST18,S003,2025-07-24,2025-08-08,2025-08-09,2025-08-08,5.2,1.6,16,OP253,False,,False,9,20,False
EQX1062,Grader,CUST11,S004,2025-08-28,2025-09-09,2025-09-09,2025-09-09,4.0,2.5,12,OP293,False,,False,10,31,False
EQX1062,Grader,CUST12,S004,2025-10-10,,2025-10-21,,3.7,4.0,11,OP166,True,True,True,11,58,True
EQX1062,Grader,CUST16,S006,2025-12-18,2025-12-30,2025-12-31,2025-12-30,4.6,1.5,13,OP248,False,,False,12,7,False
EQX1063,Excavator,CUST08,S003,2025-01-01,2025-01-26,2025-01-27,2025-01-26,7.7,0.2,26,OP180,False,,False,1,7,False
EQX1063,Excavator,CUST17,S006,2025-02-02,2025-02-18,2025-02-19,2025-02-18,7.5,0.4,17,OP255,False,,False,2,2,False
EQX1063,Excavator,CUST05,S006,2025-02-20,2025-03-20,2025-03-21,2025-03-20,0.0,9.6,29,OP133,False,,False,3,15,True
EQX1063,Excavator,CUST11,S004,2025-04-04,2025-04-13,2025-04-14,2025-04-13,4.8,4.4,10,OP223,False,,False,4,3,False
EQX1063,Excavator,CUST08,S002,2025-04-16,2025-04-28,2025-04-28,2025-04-28,6.6,2.0,12,OP217,False,,False,5,1,False
EQX1063,Excavator,CUST07,S002,2025-04-29,2025-05-23,2025-05-24,2025-05-23,7.9,0.0,25,OP284,False,,False,6,25,False
EQX1063,Excavator,CUST10,S002,2025-06-17,2025-07-03,2025-07-04,2025-07-03,6.6,2.4,17,OP207,False,,False,7,3,False
EQX1063,Excavator,CUST16,S004,2025-07-06,2025-07-24,2025-07-24,2025-07-24,5.0,3.5,18,OP238,False,,False,8,4,False
EQX1063,Excavator,CUST09,,2025-07-28,2025-08-21,2025-08-21,2025-08-21,4.5,7.0,24,,False,,False,9,0,True
EQX1063,Excavator,CUST15,S006,2025-08-21,2025-09-16,2025-09-17,2025-09-16,7.4,0.8,27,OP260,False,,False,10,19,False
EQX1063,Excavator,CUST12,S006,2025-10-05,2025-10-16,2025-10-16,2025-10-16,5.4,3.1,11,OP105,False,,False,11,7,False
EQX1063,Excavator,CUST08,S005,2025-10-23,2025-11-14,2025-11-14,2025-11-14,8.0,0.8,22,OP287,False,,False,12,0,False
EQX1063,Excavator,CUST01,S006,2025-11-14,,2025-11-26,,4.9,5.3,12,OP139,True,False,True,13,4,True
EQX1063,Excavator,CUST07,S005,2025-11-30,2025-12-27,2025-12-27,2025-12-27,6.0,2.5,27,OP153,False,,False,14,4,False
EQX1064,Bulldozer,CUST08,S002,2025-01-01,2025-01-23,2025-01-23,2025-01-23,2.2,6.7,22,OP195,False,,False,1,7,False
EQX1064,Bulldozer,CUST01,S004,2025-01-30,2025-02-23,2025-02-23,2025-02-23,3.1,5.5,24,OP212,False,,False,2,9,False
EQX1064,Bulldozer,CUST14,S002,2025-03-04,2025-04-01,2025-04-02,2025-04-01,3.3,4.7,29,OP300,False,,False,3,26,False
EQX1064,Bulldozer,CUST04,S005,2025-04-27,2025-05-07,2025-05-08,2025-05-07,0.8,9.8,11,OP317,False,,False,4,5,True
EQX1064,Bulldozer,CUST13,S004,2025-05-12,2025-06-02,2025-06-03,2025-06-02,3.4,5.2,22,OP258,False,,False,5,151,False
EQX1064,Bulldozer,CUST07,S004,2025-10-31,2025-11-10,2025-11-10,2025-11-10,3.9,5.5,10,OP106,False,,False,6,12,False
EQX1064,Bulldozer,CUST13,S005,2025-11-22,2025-12-06,2025-12-06,2025-12-06,3.5,4.9,14,OP282,False,,False,7,20,False
EQX1065,Excavator,CUST11,S006,2025-01-01,2025-01-14,2025-01-14,2025-01-14,5.0,4.0,13,OP232,False,,False,1,12,False
EQX1065,Excavator,CUST13,S005,2025-01-26,2025-02-15,2025-02-16,2025-02-15,1.6,10.5,21,OP218,False,,False,2,10,True
EQX1065,Excavator,CUST14,S006,2025-02-25,2025-03-13,2025-03-13,2025-03-13,5.1,3.5,16,OP254,False,,False,3,1,False
EQX1065,Excavator,CUST08,S006,2025-03-14,2025-04-03,2025-04-03,2025-04-03,4.8,3.1,20,OP137,False,,False,4,8,False
EQX1065,Excavator,CUST09,S002,2025-04-11,2025-04-27,2025-04-28,2025-04-27,4.7,4.2,17,OP275,False,,False,5,5,False
EQX1065,Excavator,CUST05,S002,2025-05-02,2025-05-27,2025-05-27,2025-05-27,6.2,2.6,25,OP243,False,,False,6,36,False
EQX1065,Excavator,CUST12,S005,2025-07-02,2025-07-24,2025-07-24,2025-07-24,5.2,3.9,22,OP191,False,,False,7,5,False
EQX1065,Excavator,CUST14,S005,2025-07-29,2025-08-27,2025-08-27,2025-08-27,4.0,4.2,29,OP277,False,,False,8,0,False
EQX1065,Excavator,CUST17,S006,2025-08-27,2025-09-15,2025-09-15,2025-09-15,4.1,4.3,19,OP161,False,,False,9,20,False
EQX1065,Excavator,CUST17,S003,2025-10-05,2025-10-23,2025-10-24,2025-10-23,4.3,4.4,19,OP237,False,,False,10,50,False
EQX1066,Excavator,CUST12,S005,2025-01-01,2025-01-21,2025-01-22,2025-01-21,4.7,4.1,21,OP139,False,,False,1,21,False
EQX1066,Excavator,CUST12,S005,2025-02-11,2025-03-07,2025-03-07,2025-03-07,2.5,5.8,24,OP237,False,,False,2,8,False
EQX1066,Excavator,CUST07,S002,2025-03-15,2025-04-12,2025-04-13,2025-04-12,4.2,4.2,29,OP308,False,,False,3,7,False
EQX1066,Excavator,CUST05,S001,2025-04-19,2025-04-29,2025-04-29,2025-04-29,0.8,11.4,10,OP239,False,,False,4,66,True
EQX1066,Excavator,CUST11,S002,2025-07-04,2025-07-26,2025-07-26,2025-07-26,4.4,4.7,22,OP202,False,,False,5,22,False
EQX1066,Excavator,CUST07,S006,2025-08-17,2025-09-12,2025-09-12,2025-09-12,5.6,3.2,26,OP235,False,,False,6,3,False
EQX1066,Excavator,CUST17,S001,2025-09-15,2025-10-01,2025-10-01,2025-10-01,3.4,5.8,16,OP264,False,,False,7,4,False
EQX1066,Excavator,CUST10,S004,2025-10-05,2025-10-20,2025-10-21,2025-10-20,4.4,4.5,16,OP238,False,,False,8,0,False
EQX1066,Excavator,CUST04,S005,2025-10-20,2025-11-02,2025-11-03,2025-11-02,4.0,4.3,14,OP253,False,,False,9,7,False
EQX1066,Excavator,CUST13,S006,2025-11-09,2025-11-25,2025-11-25,2025-11-25,1.6,6.7,16,OP328,False,,False,10,29,False
EQX1067,Crane,CUST13,S001,2025-01-01,2025-01-13,2025-01-14,2025-01-13,3.2,2.0,13,OP232,False,,False,1,20,False
EQX1067,Crane,CUST03,S006,2025-02-02,2025-02-17,2025-02-17,2025-02-17,4.6,0.9,15,OP111,False,,False,2,7,False
EQX1067,Crane,CUST10,S002,2025-02-24,2025-03-21,2025-03-22,2025-03-21,5.3,0.2,26,OP206,False,,False,3,9,False
EQX1067,Crane,CUST05,S006,2025-03-30,2025-04-10,2025-04-11,2025-04-10,3.3,2.4,12,OP164,False,,False,4,5,False
EQX1067,Crane,CUST03,S002,2025-04-15,2025-05-11,2025-05-11,2025-05-11,3.1,2.9,26,OP292,False,,False,5,12,False
EQX1067,Crane,CUST11,S004,2025-05-23,2025-06-12,2025-06-12,2025-06-12,4.8,0.4,20,OP151,False,,False,6,2,False
EQX1067,Crane,CUST11,S006,2025-06-14,2025-06-24,2025-06-25,2025-06-24,2.8,2.7,11,OP166,False,,False,7,23,False
EQX1067,Crane,CUST18,S002,2025-07-17,2025-08-01,2025-08-02,2025-08-01,3.1,1.9,16,OP181,False,,False,8,3,False
EQX1067,Crane,CUST02,S001,2025-08-04,2025-08-19,2025-08-20,2025-08-19,3.0,3.1,16,OP310,False,,False,9,14,False
EQX1067,Crane,CUST18,S001,2025-09-02,2025-09-17,2025-09-17,2025-09-17,4.0,1.6,15,OP129,False,,False,10,0,False
EQX1067,Crane,CUST06,S006,2025-09-17,2025-09-30,2025-10-01,2025-09-30,4.5,1.0,14,OP164,False,,False,11,4,False
EQX1067,Crane,CUST11,S003,2025-10-04,2025-10-29,2025-10-29,2025-10-29,4.6,1.2,25,OP237,False,,False,12,4,False
EQX1067,Crane,CUST10,S002,2025-11-02,2025-11-22,2025-11-23,2025-11-22,4.1,1.1,21,OP180,False,,False,13,18,False
EQX1067,Crane,CUST09,S004,2025-12-10,2025-12-23,2025-12-24,2025-12-23,3.6,1.5,14,OP152,False,,False,14,0,False
EQX1068,Bulldozer,CUST05,S005,2025-01-01,2025-01-22,2025-01-22,2025-01-22,0.1,7.9,21,OP180,False,,False,1,20,False
EQX1068,Bulldozer,CUST18,S003,2025-02-11,2025-02-27,2025-02-27,2025-02-27,0.7,7.1,16,OP301,False,,False,2,5,False
EQX1068,Bulldozer,CUST09,S004,2025-03-04,2025-03-30,2025-03-31,2025-03-30,1.0,8.2,27,OP134,False,,False,3,156,False
EQX1068,Bulldozer,CUST05,S001,2025-09-02,2025-09-21,2025-09-22,2025-09-21,0.4,8.5,20,OP249,False,,False,4,28,False
EQX1068,Bulldozer,CUST06,S005,2025-10-19,2025-11-17,2025-11-17,2025-11-17,0.1,8.5,29,OP130,False,,False,5,9,False
EQX1068,Bulldozer,CUST04,S005,2025-11-26,,2025-12-22,,2.7,4.4,26,OP127,True,True,False,6,19,True
EQX1069,Crane,CUST15,S004,2025-01-01,2025-01-24,2025-01-25,2025-01-24,1.7,4.0,24,OP287,False,,False,1,9,False
EQX1069,Crane,CUST16,S001,2025-02-02,2025-03-02,2025-03-03,2025-03-02,1.7,3.5,29,OP127,False,,False,2,3,False
EQX1069,Crane,CUST10,S003,2025-03-05,2025-03-23,2025-03-23,2025-03-23,0.7,4.5,18,OP160,False,,False,3,1,False
EQX1069,Crane,CUST17,S003,2025-03-24,2025-04-19,2025-04-19,2025-04-19,2.0,3.1,26,OP119,False,,False,4,23,False
EQX1069,Crane,CUST12,S002,2025-05-12,2025-06-10,2025-06-10,2025-06-10,1.4,3.6,29,OP133,False,,False,5,13,False
EQX1069,Crane,CUST16,S002,2025-06-23,2025-07-09,2025-07-10,2025-07-09,1.2,4.6,17,OP240,False,,False,6,2,False
EQX1069,Crane,CUST11,S005,2025-07-11,2025-08-08,2025-08-09,2025-08-08,0.9,4.7,29,OP142,False,,False,7,6,False
EQX1069,Crane,CUST16,S001,2025-08-14,2025-09-08,2025-09-08,2025-09-08,2.5,10.1,25,OP118,False,,False,8,6,True
EQX1069,Crane,CUST10,S001,2025-09-14,2025-09-30,2025-09-30,2025-09-30,0.0,5.3,16,OP327,False,,False,9,18,False
EQX1069,Crane,CUST13,S005,2025-10-18,2025-11-02,2025-11-03,2025-11-02,0.0,5.6,16,OP259,False,,False,10,37,False
EQX1069,Crane,CUST09,S002,2025-12-09,2025-12-28,2025-12-29,2025-12-28,0.5,4.9,20,OP282,False,,False,11,47,False
EQX1070,Bulldozer,CUST08,S002,2025-01-01,2025-01-16,2025-01-17,2025-01-16,2.2,5.8,16,OP285,False,,False,1,13,False
EQX1070,Bulldozer,CUST03,S004,2025-01-29,2025-02-11,2025-02-12,2025-02-11,5.2,3.7,14,OP185,False,,False,2,3,False
EQX1070,Bulldozer,CUST15,S006,2025-02-14,2025-03-11,2025-03-11,2025-03-11,6.8,1.4,25,OP302,False,,False,3,26,False
EQX1070,Bulldozer,CUST04,S003,2025-04-06,2025-04-29,2025-04-29,2025-04-29,6.9,2.2,23,OP304,False,,False,4,2,False
EQX1070,Bulldozer,CUST17,S005,2025-05-01,2025-05-17,2025-05-17,2025-05-17,4.2,4.2,16,OP176,False,,False,5,26,False
EQX1070,Bulldozer,CUST16,S004,2025-06-12,2025-07-03,2025-07-03,2025-07-03,5.3,3.2,21,OP242,False,,False,6,8,False
EQX1070,Bulldozer,CUST08,S004,2025-07-11,2025-07-29,2025-07-30,2025-07-29,4.9,3.7,19,OP102,False,,False,7,6,False
EQX1070,Bulldozer,CUST17,S003,2025-08-04,2025-09-02,2025-09-02,2025-09-02,5.2,3.8,29,OP132,False,,False,8,6,False
EQX1070,Bulldozer,CUST15,S004,2025-09-08,2025-09-28,2025-09-29,2025-09-28,6.9,1.7,21,OP145,False,,False,9,6,False
EQX1070,Bulldozer,CUST02,S006,2025-10-04,2025-10-28,2025-10-28,2025-10-28,5.3,3.1,24,OP119,False,,False,10,6,False
EQX1070,Bulldozer,CUST13,S004,2025-11-03,2025-11-17,2025-11-17,2025-11-17,2.5,6.0,14,OP160,False,,False,11,14,False
EQX1070,Bulldozer,CUST03,S002,2025-12-01,2025-12-26,2025-12-27,2025-12-26,3.9,4.7,26,OP148,False,,False,12,5,False
EQX1071,Bulldozer,CUST09,S002,2025-01-01,,2025-01-25,,2.0,3.4,24,OP229,True,False,True,1,10,True
EQX1071,Bulldozer,CUST06,S004,2025-02-04,2025-02-19,2025-02-20,2025-02-19,6.2,2.4,16,OP292,False,,False,2,10,False
EQX1071,Bulldozer,CUST04,S001,2025-03-01,2025-03-14,2025-03-14,2025-03-14,7.6,0.9,13,OP251,False,,False,3,2,False
EQX1071,Bulldozer,CUST12,S005,2025-03-16,2025-04-07,2025-04-08,2025-04-07,4.7,3.8,23,OP162,False,,False,4,20,False
EQX1071,Bulldozer,CUST03,S004,2025-04-27,2025-05-06,2025-05-07,2025-05-06,8.0,0.9,10,OP195,False,,False,5,5,False
EQX1071,Bulldozer,CUST18,S001,2025-05-11,2025-05-25,2025-05-25,2025-05-25,7.1,2.2,14,OP229,False,,False,6,8,False
EQX1071,Bulldozer,CUST14,S005,2025-06-02,2025-06-20,2025-06-21,2025-06-20,5.5,3.4,19,OP251,False,,False,7,0,False
EQX1071,Bulldozer,CUST14,S005,2025-06-20,2025-07-16,2025-07-16,2025-07-16,3.2,8.9,26,,False,,False,8,4,True
EQX1071,Bulldozer,CUST02,S004,2025-07-20,2025-07-29,2025-07-30,2025-07-29,6.1,2.3,10,OP246,False,,False,9,0,False
EQX1071,Bulldozer,CUST01,S001,2025-07-29,2025-08-15,2025-08-15,2025-08-15,6.8,1.0,17,OP194,False,,False,10,7,False
EQX1071,Bulldozer,CUST15,S002,2025-08-22,2025-09-05,2025-09-05,2025-09-05,6.3,2.3,14,OP204,False,,False,11,4,False
EQX1071,Bulldozer,CUST15,S005,2025-09-09,2025-10-04,2025-10-04,2025-10-04,6.2,2.5,25,OP151,False,,False,12,6,False
EQX1071,Bulldozer,CUST01,S006,2025-10-10,2025-10-26,2025-10-26,2025-10-26,6.9,1.3,16,OP156,False,,False,13,1,False
EQX1071,Bulldozer,CUST10,S003,2025-10-27,2025-11-09,2025-11-09,2025-11-09,7.9,0.7,13,OP156,False,,False,14,0,False
EQX1071,Bulldozer,CUST03,S006,2025-11-09,2025-11-19,2025-11-20,2025-11-19,7.8,0.6,11,OP208,False,,False,15,13,False
EQX1071,Bulldozer,CUST15,S006,2025-12-02,2025-12-22,2025-12-22,2025-12-22,7.9,0.7,20,OP246,False,,False,16,9,False
EQX1072,Excavator,CUST13,S003,2025-01-01,2025-01-17,2025-01-17,2025-01-17,2.5,5.5,16,OP175,False,,False,1,26,False
EQX1072,Excavator,CUST18,S004,2025-02-12,2025-03-04,2025-03-04,2025-03-04,4.2,4.3,20,OP199,False,,False,2,22,False
EQX1072,Excavator,CUST17,S006,2025-03-26,2025-04-22,2025-04-23,2025-04-22,0.0,11.0,28,OP125,False,,False,3,41,True
EQX1072,Excavator,CUST04,S001,2025-06-02,2025-06-26,2025-06-27,2025-06-26,2.1,6.7,25,OP264,False,,False,4,17,False
EQX1072,Excavator,CUST14,S001,2025-07-13,2025-07-28,2025-07-28,2025-07-28,4.0,4.9,15,OP268,False,,False,5,50,False
EQX1072,Excavator,CUST13,S006,2025-09-16,2025-10-11,2025-10-11,2025-10-11,1.6,11.8,25,OP137,False,,False,6,71,True
EQX1073,Crane,CUST10,S001,2025-01-01,2025-01-17,2025-01-17,2025-01-17,2.4,3.6,16,OP286,False,,False,1,10,False
EQX1073,Crane,CUST14,S004,2025-01-27,2025-02-18,2025-02-19,2025-02-18,2.3,2.9,23,OP213,False,,False,2,11,False
EQX1073,Crane,CUST11,S002,2025-03-01,2025-03-28,2025-03-29,2025-03-28,1.8,3.3,28,OP209,False,,False,3,24,False
EQX1073,Crane,CUST13,S001,2025-04-21,2025-05-06,2025-05-07,2025-05-06,1.3,4.1,16,OP238,False,,False,4,11,False
EQX1073,Crane,CUST15,S002,2025-05-17,,2025-05-29,,1.1,5.2,12,OP168,True,True,True,5,6,True
EQX1073,Crane,CUST13,S001,2025-06-04,2025-06-26,2025-06-26,2025-06-26,1.2,3.5,22,OP164,False,,False,6,4,False
EQX1073,Crane,CUST17,S001,2025-06-30,2025-07-21,2025-07-21,2025-07-21,1.9,3.3,21,OP274,False,,False,7,43,False
EQX1073,Crane,CUST11,S005,2025-09-02,,2025-09-24,,2.2,4.9,22,OP277,True,True,True,8,1,True
EQX1073,Crane,CUST18,S003,2025-09-25,2025-10-10,2025-10-10,2025-10-10,2.2,3.3,15,OP142,False,,False,9,6,False
EQX1073,Crane,CUST06,S005,2025-10-16,2025-10-25,2025-10-26,2025-10-25,2.5,2.8,10,OP291,False,,False,10,23,False
EQX1073,Crane,CUST10,S005,2025-11-17,2025-12-01,2025-12-01,2025-12-01,1.1,11.0,14,OP285,False,,False,11,5,True
EQX1073,Crane,CUST07,S004,2025-12-06,2025-12-19,2025-12-19,2025-12-19,1.9,3.3,13,OP318,False,,False,12,8,False
EQX1074,Excavator,CUST14,S001,2025-01-01,2025-01-19,2025-01-20,2025-01-19,5.7,3.8,19,OP134,False,,False,1,33,False
EQX1074,Excavator,CUST01,S004,2025-02-21,2025-03-10,2025-03-10,2025-03-10,4.0,4.4,17,OP199,False,,False,2,11,False
EQX1074,Excavator,CUST16,S003,2025-03-21,2025-04-09,2025-04-10,2025-04-09,2.3,5.7,20,OP101,False,,False,3,4,False
EQX1074,Excavator,CUST07,S001,2025-04-13,2025-05-01,2025-05-01,2025-05-01,4.3,4.8,18,OP310,False,,False,4,6,False
EQX1074,Excavator,CUST01,S006,2025-05-07,2025-05-17,2025-05-17,2025-05-17,3.8,4.5,10,OP179,False,,False,5,21,False
EQX1074,Excavator,CUST16,S003,2025-06-07,2025-07-04,2025-07-04,2025-07-04,4.6,3.2,27,OP180,False,,False,6,13,False
EQX1074,Excavator,CUST05,S003,2025-07-17,2025-08-05,2025-08-06,2025-08-05,3.5,4.5,20,OP327,False,,False,7,11,False
EQX1074,Excavator,CUST18,S003,2025-08-16,2025-08-30,2025-08-31,2025-08-30,3.9,4.3,15,OP279,False,,False,8,3,False
EQX1074,Excavator,CUST04,S001,2025-09-02,2025-09-17,2025-09-18,2025-09-17,3.0,5.1,16,OP207,False,,False,9,0,False
EQX1074,Excavator,CUST03,S003,2025-09-17,,2025-10-14,,1.5,6.2,27,OP136,True,False,True,10,2,True
EQX1074,Excavator,CUST01,S006,2025-10-16,2025-11-08,2025-11-09,2025-11-08,5.5,2.9,24,OP275,False,,False,11,12,False
EQX1074,Excavator,CUST09,S002,2025-11-20,2025-12-12,2025-12-13,2025-12-12,4.7,4.7,23,OP326,False,,False,12,88,False
EQX1075,Crane,CUST13,S006,2025-01-01,2025-01-23,2025-01-24,2025-01-23,2.5,3.1,23,OP239,False,,False,1,40,False
EQX1075,Crane,CUST16,S006,2025-03-04,2025-03-22,2025-03-23,2025-03-22,0.3,4.8,19,OP196,False,,False,2,10,False
EQX1075,Crane,CUST01,S002,2025-04-01,2025-04-27,2025-04-27,2025-04-27,2.0,4.3,26,OP324,False,,False,3,23,False
EQX1075,Crane,CUST18,S005,2025-05-20,2025-06-08,2025-06-09,2025-06-08,2.1,3.9,20,OP106,False,,False,4,31,False
EQX1075,Crane,CUST01,S004,2025-07-09,2025-07-25,2025-07-25,2025-07-25,3.0,3.3,16,OP138,False,,False,5,0,False
EQX1075,Crane,CUST18,S006,2025-07-25,2025-08-08,2025-08-09,2025-08-08,2.3,3.5,15,OP130,False,,False,6,18,False
EQX1075,Crane,CUST01,S002,2025-08-26,2025-09-21,2025-09-21,2025-09-21,0.2,4.9,26,OP251,False,,False,7,3,False
EQX1075,Crane,CUST01,S005,2025-09-24,2025-10-06,2025-10-07,2025-10-06,2.2,4.0,13,OP266,False,,False,8,27,False
EQX1075,Crane,CUST06,S001,2025-11-02,2025-11-16,2025-11-16,2025-11-16,2.9,2.3,14,OP223,False,,False,9,13,False
EQX1075,Crane,CUST08,S001,2025-11-29,2025-12-13,2025-12-14,2025-12-13,1.1,4.8,15,OP322,False,,False,10,19,False
EQX1076,Bulldozer,CUST06,S004,2025-01-01,2025-01-11,2025-01-12,2025-01-11,3.2,5.7,11,OP185,False,,False,1,11,False
EQX1076,Bulldozer,CUST04,S003,2025-01-22,2025-02-14,2025-02-15,2025-02-14,4.2,3.7,24,OP191,False,,False,2,16,False
EQX1076,Bulldozer,CUST13,S002,2025-03-02,2025-03-21,2025-03-22,2025-03-21,0.0,12.8,20,OP224,False,,False,3,40,True
EQX1076,Bulldozer,CUST17,S002,2025-04-30,2025-05-28,2025-05-29,2025-05-28,4.0,4.5,29,OP164,False,,False,4,23,False
EQX1076,Bulldozer,CUST18,S002,2025-06-20,2025-07-06,2025-07-06,2025-07-06,3.6,5.6,16,OP216,False,,False,5,19,False
EQX1076,Bulldozer,CUST16,S001,2025-07-25,2025-08-11,2025-08-11,2025-08-11,3.3,5.0,17,OP259,False,,False,6,76,False
EQX1076,Bulldozer,CUST13,S005,2025-10-26,2025-11-08,2025-11-08,2025-11-08,6.0,2.8,13,OP111,False,,False,7,29,False
EQX1076,Bulldozer,CUST04,S005,2025-12-07,2025-12-27,2025-12-27,2025-12-27,3.6,5.6,20,OP116,False,,False,8,2,False
EQX1077,Crane,CUST04,S001,2025-01-01,2025-01-23,2025-01-24,2025-01-23,3.1,2.4,23,OP300,False,,False,1,28,False
EQX1077,Crane,CUST09,S003,2025-02-20,2025-03-16,2025-03-16,2025-03-16,1.8,3.3,24,OP106,False,,False,2,0,False
EQX1077,Crane,CUST02,S002,2025-03-16,2025-04-03,2025-04-03,2025-04-03,1.9,4.6,18,OP243,False,,False,3,60,False
EQX1077,Crane,CUST01,S005,2025-06-02,2025-06-13,2025-06-13,2025-06-13,0.9,9.1,11,OP104,False,,False,4,7,True
EQX1077,Crane,CUST11,S001,2025-06-20,2025-07-05,2025-07-06,2025-07-05,0.6,4.8,16,OP159,False,,False,5,20,False
EQX1077,Crane,CUST15,S001,2025-07-25,2025-08-12,2025-08-13,2025-08-12,1.8,3.5,19,OP268,False,,False,6,18,False
EQX1077,Crane,CUST08,S004,2025-08-30,2025-09-19,2025-09-20,2025-09-19,2.2,3.7,21,OP182,False,,False,7,10,False
EQX1077,Crane,CUST14,S006,2025-09-29,2025-10-09,2025-10-10,2025-10-09,2.0,4.0,11,OP173,False,,False,8,30,False
EQX1077,Crane,CUST02,S006,2025-11-08,2025-11-25,2025-11-26,2025-11-25,1.7,4.1,18,OP147,False,,False,9,71,False
EQX1078,Excavator,CUST14,S004,2025-01-01,2025-01-12,2025-01-13,2025-01-12,3.5,5.0,12,OP328,False,,False,1,9,False
EQX1078,Excavator,CUST04,S001,2025-01-21,2025-02-10,2025-02-10,2025-02-10,4.7,4.4,20,OP319,False,,False,2,12,False
EQX1078,Excavator,CUST16,S005,2025-02-22,2025-03-22,2025-03-22,2025-03-22,5.0,4.2,28,OP218,False,,False,3,6,False
EQX1078,Excavator,CUST01,S005,2025-03-28,2025-04-25,2025-04-25,2025-04-25,5.3,3.5,28,OP147,False,,False,4,8,False
EQX1078,Excavator,CUST10,S002,2025-05-03,2025-05-13,2025-05-13,2025-05-13,2.5,5.9,10,OP297,False,,False,5,12,False
EQX1078,Excavator,CUST01,S004,2025-05-25,2025-06-22,2025-06-22,2025-06-22,4.1,4.4,28,OP102,False,,False,6,3,False
EQX1078,Excavator,CUST01,S005,2025-06-25,2025-07-17,2025-07-18,2025-07-17,5.1,3.5,23,OP268,False,,False,7,14,False
EQX1078,Excavator,CUST18,S001,2025-07-31,2025-08-14,2025-08-14,2025-08-14,2.4,6.3,14,OP316,False,,False,8,13,False
EQX1078,Excavator,CUST18,S001,2025-08-27,2025-09-14,2025-09-14,2025-09-14,6.5,2.3,18,OP325,False,,False,9,1,False
EQX1078,Excavator,CUST18,S004,2025-09-15,2025-10-05,2025-10-05,2025-10-05,4.2,4.4,20,OP265,False,,False,10,9,False
EQX1078,Excavator,CUST09,S006,2025-10-14,2025-11-01,2025-11-01,2025-11-01,0.0,11.7,18,OP134,False,,False,11,4,True
EQX1078,Excavator,CUST16,S002,2025-11-05,2025-12-03,2025-12-03,2025-12-03,0.0,11.8,28,OP234,False,,False,12,5,True
EQX1078,Excavator,CUST11,S005,2025-12-08,2025-12-28,2025-12-29,2025-12-28,5.5,2.7,21,OP293,False,,False,13,13,False
EQX1079,Excavator,CUST08,S003,2025-01-01,2025-01-29,2025-01-29,2025-01-29,4.9,3.7,28,OP234,False,,False,1,4,False
EQX1079,Excavator,CUST04,S001,2025-02-02,2025-02-12,2025-02-13,2025-02-12,7.2,1.2,11,OP233,False,,False,2,4,False
EQX1079,Excavator,CUST15,S005,2025-02-16,2025-03-09,2025-03-09,2025-03-09,6.4,1.5,21,OP211,False,,False,3,5,False
EQX1079,Excavator,CUST07,S005,2025-03-14,2025-04-02,2025-04-02,2025-04-02,6.4,1.6,19,OP201,False,,False,4,0,False
EQX1079,Excavator,CUST16,S001,2025-04-02,2025-04-12,2025-04-13,2025-04-12,7.8,1.1,11,OP314,False,,False,5,9,False
EQX1079,Excavator,CUST17,S001,2025-04-21,2025-05-08,2025-05-09,2025-05-08,5.4,3.5,18,OP256,False,,False,6,3,False
EQX1079,Excavator,CUST17,S004,2025-05-11,2025-06-07,2025-06-07,2025-06-07,7.1,1.4,27,OP166,False,,False,7,12,False
EQX1079,Excavator,CUST13,S004,2025-06-19,2025-06-28,2025-06-29,2025-06-28,6.6,2.8,10,OP219,False,,False,8,7,False
EQX1079,Excavator,CUST09,S001,2025-07-05,2025-07-17,2025-07-17,2025-07-17,6.0,3.5,12,OP276,False,,False,9,9,False
EQX1079,Excavator,CUST02,S004,2025-07-26,2025-08-05,2025-08-06,2025-08-05,8.3,0.2,11,OP246,False,,False,10,18,False
EQX1079,Excavator,CUST07,S004,2025-08-23,2025-09-13,2025-09-13,2025-09-13,1.5,10.4,21,OP227,False,,False,11,2,True
EQX1079,Excavator,CUST03,S003,2025-09-15,2025-10-05,2025-10-05,2025-10-05,7.3,1.9,20,OP221,False,,False,12,10,False
EQX1079,Excavator,CUST05,S005,2025-10-15,2025-11-07,2025-11-07,2025-11-07,8.3,0.5,23,OP326,False,,False,13,15,False
EQX1079,Excavator,CUST09,S006,2025-11-22,2025-12-20,2025-12-20,2025-12-20,6.1,2.9,28,OP313,False,,False,14,2,False
EQX1080,Crane,CUST02,S003,2025-01-01,2025-01-26,2025-01-27,2025-01-26,2.5,3.5,26,OP229,False,,False,1,13,False
EQX1080,Crane,CUST10,S004,2025-02-08,2025-02-21,2025-02-22,2025-02-21,3.5,1.9,14,OP120,False,,False,2,18,False
EQX1080,Crane,CUST02,S005,2025-03-11,2025-03-24,2025-03-25,2025-03-24,3.0,2.4,14,OP183,False,,False,3,21,False
EQX1080,Crane,CUST14,S003,2025-04-14,2025-04-28,2025-04-29,2025-04-28,4.1,1.0,15,OP181,False,,False,4,38,False
EQX1080,Crane,CUST15,S003,2025-06-05,2025-06-16,2025-06-17,2025-06-16,3.9,1.4,12,OP132,False,,False,5,8,False
EQX1080,Crane,CUST07,S004,2025-06-24,2025-07-11,2025-07-12,2025-07-11,4.1,1.5,18,OP279,False,,False,6,3,False
EQX1080,Crane,CUST16,S001,2025-07-14,2025-08-03,2025-08-04,2025-08-03,4.6,1.4,21,OP183,False,,False,7,12,False
EQX1080,Crane,CUST15,S002,2025-08-15,2025-09-12,2025-09-12,2025-09-12,2.7,3.0,28,OP114,False,,False,8,30,False
EQX1080,Crane,CUST04,S003,2025-10-12,2025-10-30,2025-10-30,2025-10-30,2.5,2.6,18,OP196,False,,False,9,1,False
EQX1080,Crane,CUST03,S004,2025-10-31,2025-11-13,2025-11-13,2025-11-13,2.7,3.2,13,OP173,False,,False,10,6,False
EQX1080,Crane,CUST08,S003,2025-11-19,2025-12-16,2025-12-17,2025-12-16,2.3,3.5,28,OP167,False,,False,11,21,False
EQX1081,Crane,CUST16,S006,2025-01-01,2025-01-25,2025-01-26,2025-01-25,3.6,2.5,25,OP252,False,,False,1,3,False
EQX1081,Crane,CUST13,S003,2025-01-28,2025-02-23,2025-02-23,2025-02-23,0.0,12.1,26,OP317,False,,False,2,32,True
EQX1081,Crane,CUST05,S004,2025-03-27,2025-04-07,2025-04-07,2025-04-07,3.8,1.1,11,OP185,False,,False,3,9,False
EQX1081,Crane,CUST06,,2025-04-16,2025-05-10,2025-05-10,2025-05-10,4.6,7.2,24,OP212,False,,False,4,1,True
EQX1081,Crane,CUST16,S003,2025-05-11,2025-05-30,2025-05-30,2025-05-30,4.0,1.3,19,OP279,False,,False,5,6,False
EQX1081,Crane,CUST17,S001,2025-06-05,2025-06-22,2025-06-22,2025-06-22,4.0,1.1,17,OP180,False,,False,6,15,False
EQX1081,Crane,CUST08,S003,2025-07-07,2025-07-29,2025-07-30,2025-07-29,4.2,1.5,23,OP154,False,,False,7,0,False
EQX1081,Crane,CUST15,S001,2025-07-29,2025-08-11,2025-08-12,2025-08-11,3.7,1.4,14,OP182,False,,False,8,0,False
EQX1081,Crane,CUST06,S001,2025-08-11,2025-08-27,2025-08-27,2025-08-27,4.0,1.2,16,OP149,False,,False,9,3,False
EQX1081,Crane,CUST16,S003,2025-08-30,2025-09-11,2025-09-12,2025-09-11,4.0,1.4,13,OP323,False,,False,10,0,False
EQX1081,Crane,CUST02,S002,2025-09-11,2025-09-23,2025-09-24,2025-09-23,3.9,1.2,13,OP227,False,,False,11,6,False
EQX1081,Crane,CUST16,S003,2025-09-29,2025-10-28,2025-10-28,2025-10-28,3.4,1.6,29,OP221,False,,False,12,34,False
EQX1081,Crane,CUST15,S006,2025-12-01,2025-12-10,2025-12-11,2025-12-10,3.5,1.9,10,OP233,False,,False,13,5,False
EQX1081,Crane,CUST05,S006,2025-12-15,2025-12-24,2025-12-25,2025-12-24,0.0,11.7,10,OP231,False,,False,14,4,True
