Equipment ID,Type,cycle_number,gap_days_to_next_checkout,is_last_cycle,label,idle_ratio,utilization,rental_length_days,n_prior_cycles,prior_idle_ratio_mean,prior_utilization_mean,prior_idle_ratio_last,prior_rental_length_mean
EQX1000,Grader,1,8,False,0,0.41791044776119407,0.65,28,0,,,,
EQX1000,Grader,2,10,False,0,0.3731343283582089,0.7000000000000001,16,1,0.41791044776119407,0.65,0.41791044776119407,28.0
EQX1000,Grader,3,4,False,0,0.22413793103448276,0.75,27,2,0.3955223880597015,0.675,0.3731343283582089,22.0
EQX1000,Grader,4,4,False,0,0.31428571428571433,0.7999999999999999,19,3,0.3383942357179619,0.7000000000000001,0.22413793103448276,23.666666666666668
EQX1000,Grader,5,5,False,0,0.2857142857142857,0.8333333333333334,28,4,0.3323671053599,0.725,0.31428571428571433,22.5
EQX1000,Grader,6,13,False,0,0.2333333333333333,0.7666666666666666,27,5,0.32303654143077715,0.7466666666666667,0.2857142857142857,23.6
EQX1000,Grader,7,1,False,0,0.46551724137931033,0.5166666666666667,21,6,0.30808600674786984,0.75,0.2333333333333333,24.166666666666668
EQX1000,Grader,8,11,False,0,0.2647058823529412,0.8333333333333334,26,7,0.33057618312378995,0.7166666666666667,0.46551724137931033,23.714285714285715
EQX1000,Grader,9,7,False,0,0.7619047619047619,0.5833333333333334,13,8,0.3223423955274338,0.73125,0.2647058823529412,24.0
EQX1000,Grader,10,23,False,1,0.467741935483871,0.5499999999999999,27,9,0.37118265845824805,0.7148148148148148,0.7619047619047619,22.77777777777778
EQX1000,Grader,11,2,False,0,0.3692307692307692,0.6833333333333332,19,10,0.38083858616081034,0.6983333333333334,0.467741935483871,23.2
EQX1000,Grader,12,3,False,0,0.18749999999999997,0.8666666666666667,11,11,0.37978333007626114,0.696969696969697,0.3692307692307692,22.818181818181817
EQX1000,Grader,13,8,True,,0.44776119402985076,0.6166666666666667,10,12,0.3637597192365727,0.7111111111111111,0.18749999999999997,21.833333333333332
EQX1001,Grader,1,17,False,1,0.20312500000000003,0.85,19,0,,,,
EQX1001,Grader,2,40,False,1,0.44776119402985076,0.6166666666666667,13,1,0.20312500000000003,0.85,0.20312500000000003,19.0
EQX1001,Grader,3,10,False,0,0.4857142857142857,0.6,12,2,0.3254430970149254,0.7333333333333334,0.44776119402985076,16.0
EQX1001,Grader,4,17,False,1,0.30303030303030304,0.7666666666666666,28,3,0.3788668265813788,0.6888888888888888,0.4857142857142857,14.666666666666666
EQX1001,Grader,5,0,False,0,0.5757575757575758,0.4666666666666666,27,4,0.35990769569360986,0.7083333333333333,0.30303030303030304,18.0
EQX1001,Grader,6,2,False,0,0.390625,0.65,15,5,0.4030776717064031,0.6599999999999999,0.5757575757575758,19.8
EQX1001,Grader,7,6,False,0,0.29411764705882354,0.7999999999999999,15,6,0.40100222642200256,0.6583333333333333,0.390625,19.0
EQX1001,Grader,8,14,False,1,0.338235294117647,0.75,28,7,0.3857330007986913,0.6785714285714286,0.29411764705882354,18.428571428571427
EQX1001,Grader,9,4,False,0,0.29230769230769227,0.7666666666666666,13,8,0.37979578746356074,0.6875,0.338235294117647,19.625
EQX1001,Grader,10,27,False,1,0.42028985507246375,0.6666666666666666,10,9,0.37007488800179755,0.6962962962962963,0.29230769230769227,18.88888888888889
EQX1001,Grader,11,27,True,,0.5901639344262296,0.4166666666666667,16,10,0.3750963847088642,0.6933333333333334,0.42028985507246375,18.0
EQX1002,Crane,1,5,False,0,0.3833333333333333,0.74,25,0,,,,
EQX1002,Crane,2,25,False,1,0.9444444444444445,0.13999999999999999,21,1,0.3833333333333333,0.74,0.3833333333333333,25.0
EQX1002,Crane,3,1,False,0,0.32727272727272727,0.74,26,2,0.663888888888889,0.44,0.9444444444444445,23.0
EQX1002,Crane,4,5,False,0,0.5555555555555556,0.5599999999999999,20,3,0.5516835016835017,0.54,0.32727272727272727,24.0
EQX1002,Crane,5,3,False,0,0.2222222222222222,0.8400000000000001,23,4,0.5526515151515152,0.5449999999999999,0.5555555555555556,23.0
EQX1002,Crane,6,0,False,0,0.46428571428571436,0.6,22,5,0.48656565656565653,0.604,0.2222222222222222,23.0
EQX1002,Crane,7,0,False,0,0.3018867924528302,0.74,12,6,0.48285233285233287,0.6033333333333334,0.46428571428571436,22.833333333333332
EQX1002,Crane,8,13,False,0,0.8148148148148148,0.5,14,7,0.45700011279526104,0.6228571428571429,0.3018867924528302,21.285714285714285
EQX1002,Crane,9,21,False,1,0.3103448275862069,0.8,21,8,0.5017269505477053,0.6075,0.8148148148148148,20.375
EQX1002,Crane,10,21,False,1,0.5087719298245614,0.5599999999999999,16,9,0.4804622702186499,0.6288888888888889,0.3103448275862069,20.444444444444443
EQX1002,Crane,11,4,False,0,0.3606557377049181,0.78,23,10,0.4832932361792411,0.622,0.5087719298245614,20.0
EQX1002,Crane,12,10,True,,0.5094339622641509,0.52,21,11,0.47214437268157533,0.6363636363636364,0.3606557377049181,20.272727272727273
EQX1003,Excavator,1,21,False,1,0.8392857142857142,0.225,17,0,,,,
EQX1003,Excavator,2,30,False,1,0.8764044943820224,0.1375,15,1,0.8392857142857142,0.225,0.8392857142857142,17.0
EQX1003,Excavator,3,38,False,1,0.31521739130434784,0.7875,29,2,0.8578451043338683,0.18125000000000002,0.8764044943820224,16.0
EQX1003,Excavator,4,5,False,0,0.47058823529411764,0.5625,14,3,0.6769691999906948,0.3833333333333333,0.31521739130434784,20.333333333333332
EQX1003,Excavator,5,9,False,0,0.5647058823529412,0.4625,26,4,0.6253739588165506,0.428125,0.47058823529411764,18.75
EQX1003,Excavator,6,33,False,1,0.8571428571428572,0.1625,28,5,0.6132403435238286,0.43499999999999994,0.5647058823529412,20.2
EQX1003,Excavator,7,4,False,0,0.4444444444444445,0.5625,21,6,0.6538907624603334,0.38958333333333334,0.8571428571428572,21.5
EQX1003,Excavator,8,22,False,1,0.5957446808510639,0.475,28,7,0.6239698598866349,0.41428571428571426,0.4444444444444445,21.428571428571427
EQX1003,Excavator,9,0,True,,0.5795454545454545,0.4625,23,8,0.6204417125071886,0.421875,0.5957446808510639,22.25
EQX1004,Crane,1,2,False,0,0.9158878504672897,0.18,20,0,,,,
EQX1004,Crane,2,6,False,0,1.0,0.0,12,1,0.9158878504672897,0.18,0.9158878504672897,20.0
EQX1004,Crane,3,3,False,0,0.22413793103448276,0.9,27,2,0.9579439252336448,0.09,1.0,16.0
EQX1004,Crane,4,10,False,0,0.3125,0.6599999999999999,19,3,0.7133419271672574,0.36000000000000004,0.22413793103448276,19.666666666666668
EQX1004,Crane,5,1,False,0,0.32142857142857145,0.76,21,4,0.6131314453754431,0.43499999999999994,0.3125,19.5
EQX1004,Crane,6,4,False,0,1.0,0.0,15,5,0.5547908705860688,0.5,0.32142857142857145,19.8
EQX1004,Crane,7,7,False,0,0.7468354430379747,0.4,29,6,0.6289923921550573,0.4166666666666667,1.0,19.0
EQX1004,Crane,8,15,False,1,0.4,0.6599999999999999,9,7,0.6458271137097598,0.41428571428571426,0.7468354430379747,20.428571428571427
EQX1004,Crane,9,9,False,0,0.08620689655172414,1.06,28,8,0.6150987244960399,0.44499999999999995,0.4,19.0
EQX1004,Crane,10,0,False,0,0.11320754716981132,0.9400000000000001,18,9,0.5563329658355604,0.5133333333333333,0.08620689655172414,20.0
EQX1004,Crane,11,5,False,0,0.28813559322033894,0.8400000000000001,23,10,0.5120204239689854,0.5559999999999999,0.11320754716981132,19.8
EQX1004,Crane,12,1,False,0,1.0,0.0,16,11,0.4916672575372903,0.5818181818181819,0.28813559322033894,20.09090909090909
EQX1004,Crane,13,4,False,0,0.09803921568627452,0.9199999999999999,16,12,0.5340283194091827,0.5333333333333333,1.0,19.75
EQX1004,Crane,14,6,False,0,0.29411764705882354,0.72,14,13,0.5004906960458821,0.5630769230769231,0.09803921568627452,19.46153846153846
EQX1004,Crane,15,3,True,,0.7583892617449665,0.72,10,14,0.4857497639753779,0.5742857142857142,0.29411764705882354,19.071428571428573
EQX1005,Bulldozer,1,15,False,1,0.46511627906976744,0.575,19,0,,,,
EQX1005,Bulldozer,2,30,False,1,0.29268292682926833,0.725,16,1,0.46511627906976744,0.575,0.46511627906976744,19.0
EQX1005,Bulldozer,3,0,False,0,0.175,0.825,13,2,0.37889960294951786,0.6499999999999999,0.29268292682926833,17.5
EQX1005,Bulldozer,4,14,False,1,0.25882352941176473,0.7875,28,3,0.3109330686330119,0.7083333333333334,0.175,16.0
EQX1005,Bulldozer,5,2,False,0,0.3448275862068966,0.7125,19,4,0.2979056838277001,0.7281249999999999,0.25882352941176473,19.0
EQX1005,Bulldozer,6,5,False,0,0.2873563218390805,0.775,24,5,0.3072900643035394,0.725,0.3448275862068966,19.0
EQX1005,Bulldozer,7,0,False,0,0.4024390243902439,0.6125,19,6,0.3039677738927962,0.7333333333333334,0.2873563218390805,19.833333333333332
EQX1005,Bulldozer,8,14,False,1,0.26881720430107525,0.85,18,7,0.3180350953924317,0.7160714285714286,0.4024390243902439,19.714285714285715
EQX1005,Bulldozer,9,19,False,1,0.3012048192771084,0.725,17,8,0.3118828590060121,0.7328125,0.26881720430107525,19.5
EQX1005,Bulldozer,10,5,False,0,0.22619047619047616,0.8125,13,9,0.31069641014724503,0.7319444444444445,0.3012048192771084,19.22222222222222
EQX1005,Bulldozer,11,25,False,1,0.17045454545454544,0.9125,18,10,0.30224581675156814,0.74,0.22619047619047616,18.6
EQX1005,Bulldozer,12,8,True,,0.5647058823529412,0.4625,28,11,0.29026479208820244,0.7556818181818182,0.17045454545454544,18.545454545454547
EQX1006,Bulldozer,1,32,False,1,0.4302325581395348,0.6125,24,0,,,,
EQX1006,Bulldozer,2,4,False,0,0.37499999999999994,0.6875,12,1,0.4302325581395348,0.6125,0.4302325581395348,24.0
EQX1006,Bulldozer,3,16,False,1,0.3703703703703704,0.6375,28,2,0.4026162790697674,0.65,0.37499999999999994,18.0
EQX1006,Bulldozer,4,26,False,1,0.5072463768115941,0.425,22,3,0.39186764283663506,0.6458333333333334,0.3703703703703704,21.333333333333332
EQX1006,Bulldozer,5,72,False,1,0.7565789473684211,0.4625,16,4,0.4207123263303748,0.590625,0.5072463768115941,21.5
EQX1006,Bulldozer,6,3,False,0,0.6352941176470589,0.3875,26,5,0.4878856505379841,0.5650000000000001,0.7565789473684211,20.4
EQX1006,Bulldozer,7,43,True,,0.5730337078651686,0.475,17,6,0.5124537283894965,0.5354166666666667,0.6352941176470589,21.333333333333332
EQX1007,Crane,1,19,False,1,0.2542372881355932,0.8800000000000001,15,0,,,,
EQX1007,Crane,2,4,False,0,0.8346456692913387,0.42000000000000004,21,1,0.2542372881355932,0.8800000000000001,0.2542372881355932,15.0
EQX1007,Crane,3,6,False,0,0.5,0.5599999999999999,14,2,0.5444414787134659,0.6500000000000001,0.8346456692913387,18.0
EQX1007,Crane,4,1,False,0,0.46428571428571436,0.6,26,3,0.5296276524756439,0.62,0.5,16.666666666666668
EQX1007,Crane,5,1,False,0,0.4444444444444444,0.6,9,4,0.5132921679281616,0.615,0.46428571428571436,19.0
EQX1007,Crane,6,31,False,1,0.18032786885245905,1.0,27,5,0.4995226232314181,0.612,0.4444444444444444,17.0
EQX1007,Crane,7,18,False,1,0.25,0.78,18,6,0.44632349750159167,0.6766666666666667,0.18032786885245905,18.666666666666668
EQX1007,Crane,8,9,False,0,0.48148148148148145,0.5599999999999999,20,7,0.41827728357279287,0.6914285714285714,0.25,18.571428571428573
EQX1007,Crane,9,19,False,1,0.4032258064516129,0.74,17,8,0.4261778083113789,0.675,0.48148148148148145,18.75
EQX1007,Crane,10,40,False,1,0.020408163265306124,0.96,10,9,0.423627585882516,0.6822222222222222,0.4032258064516129,18.555555555555557
EQX1007,Crane,11,0,True,,0.24137931034482754,0.8800000000000001,22,10,0.383305643620795,0.71,0.020408163265306124,17.7
EQX1008,Bulldozer,1,24,False,1,0.775,0.225,12,0,,,,
EQX1008,Bulldozer,2,16,False,1,0.7272727272727273,0.3,11,1,0.775,0.225,0.775,12.0
EQX1008,Bulldozer,3,26,False,1,0.6162790697674418,0.4125,23,2,0.7511363636363637,0.2625,0.7272727272727273,11.5
EQX1008,Bulldozer,4,30,False,1,0.4942528735632184,0.55,23,3,0.706183932346723,0.3125,0.6162790697674418,15.333333333333334
EQX1008,Bulldozer,5,2,False,0,0.5932203389830508,0.3,29,4,0.6532011676508469,0.371875,0.4942528735632184,17.25
EQX1008,Bulldozer,6,19,False,1,0.5982142857142858,0.5625,20,5,0.6412050019172877,0.35750000000000004,0.5932203389830508,19.6
EQX1008,Bulldozer,7,0,False,0,0.48780487804878053,0.525,14,6,0.6340398825501207,0.39166666666666666,0.5982142857142858,19.666666666666668
EQX1008,Bulldozer,8,33,False,1,0.47191011235955055,0.5875,28,7,0.6131491676213578,0.4107142857142857,0.48780487804878053,18.857142857142858
EQX1008,Bulldozer,9,23,True,,0.6265060240963856,0.3875,9,8,0.5954942857136319,0.43281250000000004,0.47191011235955055,20.0
EQX1009,Excavator,1,34,False,1,0.6021505376344085,0.4625,9,0,,,,
EQX1009,Excavator,2,31,False,1,0.6666666666666667,0.3625,26,1,0.6021505376344085,0.4625,0.6021505376344085,9.0
EQX1009,Excavator,3,13,False,0,0.881578947368421,0.1125,17,2,0.6344086021505376,0.4125,0.6666666666666667,17.5
EQX1009,Excavator,4,94,False,1,0.776470588235294,0.2375,12,3,0.7167987172231655,0.3125,0.881578947368421,17.333333333333332
EQX1009,Excavator,5,4,False,0,0.6744186046511628,0.35,21,4,0.7317166849761976,0.29375,0.776470588235294,16.0
EQX1009,Excavator,6,21,False,1,0.6071428571428572,0.4125,26,5,0.7202570689111906,0.305,0.6744186046511628,17.0
EQX1009,Excavator,7,18,True,,0.7790697674418605,0.2375,16,6,0.7014047002831351,0.3229166666666667,0.6071428571428572,18.5
EQX1010,Bulldozer,1,5,False,0,0.35802469135802467,0.65,25,0,,,,
EQX1010,Bulldozer,2,23,False,1,0.21839080459770116,0.85,10,1,0.35802469135802467,0.65,0.35802469135802467,25.0
EQX1010,Bulldozer,3,21,False,1,0.3478260869565218,0.75,25,2,0.2882077479778629,0.75,0.21839080459770116,17.5
EQX1010,Bulldozer,4,28,False,1,0.22891566265060237,0.8,22,3,0.3080805276374159,0.75,0.3478260869565218,20.0
EQX1010,Bulldozer,5,47,False,1,0.358974358974359,0.625,26,4,0.2882893113907125,0.7625,0.22891566265060237,20.5
EQX1010,Bulldozer,6,5,False,0,0.4125,0.5875,10,5,0.30242632090744176,0.735,0.358974358974359,21.6
EQX1010,Bulldozer,7,14,False,1,0.39024390243902446,0.625,11,6,0.3207719340895348,0.7104166666666667,0.4125,19.666666666666668
EQX1010,Bulldozer,8,4,False,0,0.37349397590361444,0.65,15,7,0.33069650099660475,0.6982142857142858,0.39024390243902446,18.428571428571427
EQX1010,Bulldozer,9,7,False,0,0.33333333333333337,0.725,22,8,0.336046185359981,0.6921875,0.37349397590361444,18.0
EQX1010,Bulldozer,10,0,False,0,0.48235294117647054,0.55,15,9,0.33574475735702014,0.6958333333333333,0.33333333333333337,18.444444444444443
EQX1010,Bulldozer,11,15,True,,0.2195121951219512,0.8,28,10,0.35040557573896514,0.68125,0.48235294117647054,18.1
EQX1011,Crane,1,29,False,1,0.6371681415929203,0.82,14,0,,,,
EQX1011,Crane,2,16,False,1,0.9791666666666667,0.02,28,1,0.6371681415929203,0.82,0.6371681415929203,14.0
EQX1011,Crane,3,18,False,1,0.7500000000000001,0.27999999999999997,10,2,0.8081674041297935,0.42,0.9791666666666667,21.0
EQX1011,Crane,4,41,False,1,0.703125,0.38,23,3,0.7887782694198625,0.3733333333333333,0.7500000000000001,17.333333333333332
EQX1011,Crane,5,44,False,1,0.5857142857142856,0.58,29,4,0.7673649520648969,0.375,0.703125,18.75
EQX1011,Crane,6,11,False,0,0.9495798319327732,0.12,20,5,0.7310348187947746,0.41600000000000004,0.5857142857142856,20.8
EQX1011,Crane,7,3,False,0,0.8846153846153847,0.12,23,6,0.7674589876511076,0.36666666666666664,0.9495798319327732,20.666666666666668
EQX1011,Crane,8,28,True,,0.7868852459016393,0.26,22,7,0.7841956157888615,0.3314285714285714,0.8846153846153847,21.0
EQX1012,Crane,1,10,False,0,0.8928571428571429,0.12,24,0,,,,
EQX1012,Crane,2,152,False,1,0.8275862068965517,0.2,12,1,0.8928571428571429,0.12,0.8928571428571429,24.0
EQX1012,Crane,3,49,False,1,0.5490196078431373,0.45999999999999996,10,2,0.8602216748768473,0.16,0.8275862068965517,18.0
EQX1012,Crane,4,54,False,1,1.0,0.0,23,3,0.7564876525322773,0.26,0.5490196078431373,15.333333333333334
EQX1012,Crane,5,131,True,,0.9322033898305084,0.08,17,4,0.817365739399208,0.195,1.0,17.25
EQX1013,Crane,1,12,False,0,0.5892857142857143,0.45999999999999996,12,0,,,,
EQX1013,Crane,2,26,False,1,0.40740740740740744,0.64,16,1,0.5892857142857143,0.45999999999999996,0.5892857142857143,12.0
EQX1013,Crane,3,16,False,1,0.7719298245614036,0.26,18,2,0.49834656084656087,0.55,0.40740740740740744,14.0
EQX1013,Crane,4,26,False,1,0.4727272727272727,0.58,17,3,0.5895409820848417,0.4533333333333333,0.7719298245614036,15.333333333333334
EQX1013,Crane,5,0,False,0,0.627450980392157,0.38,27,4,0.5603375547454496,0.485,0.4727272727272727,15.75
EQX1013,Crane,6,75,False,1,0.5686274509803921,0.44000000000000006,27,5,0.573760239874791,0.46399999999999997,0.627450980392157,18.0
EQX1013,Crane,7,2,False,0,0.7358490566037736,0.27999999999999997,16,6,0.5729047750590578,0.45999999999999996,0.5686274509803921,19.5
EQX1013,Crane,8,2,False,0,0.4583333333333333,0.52,28,7,0.5961825295654458,0.4342857142857143,0.7358490566037736,19.0
EQX1013,Crane,9,35,True,,0.574468085106383,0.4,15,8,0.5789513800364318,0.445,0.4583333333333333,20.125
EQX1014,Excavator,1,6,False,0,0.45,0.55,23,0,,,,
EQX1014,Excavator,2,19,False,1,0.28409090909090906,0.7875,26,1,0.45,0.55,0.45,23.0
EQX1014,Excavator,3,18,False,1,0.4367816091954023,0.6125,26,2,0.36704545454545456,0.66875,0.28409090909090906,24.5
EQX1014,Excavator,4,0,False,0,0.4069767441860465,0.6375,21,3,0.39029083942877046,0.65,0.4367816091954023,25.0
EQX1014,Excavator,5,13,False,0,0.8333333333333333,0.175,23,4,0.3944623156180895,0.646875,0.4069767441860465,24.0
EQX1014,Excavator,6,16,False,1,0.9035087719298246,0.1375,26,5,0.48223651916113824,0.5525,0.8333333333333333,23.8
EQX1014,Excavator,7,7,False,0,0.5176470588235295,0.5125,24,6,0.5524485612892526,0.48333333333333334,0.9035087719298246,24.166666666666668
EQX1014,Excavator,8,15,False,1,0.4945054945054945,0.575,22,7,0.5474769180798635,0.4875,0.5176470588235295,24.142857142857142
EQX1014,Excavator,9,13,False,0,0.7023809523809524,0.3125,23,8,0.5408554901330674,0.4984375,0.4945054945054945,23.875
EQX1014,Excavator,10,8,True,,0.5432098765432098,0.4625,13,9,0.5588027637161658,0.47777777777777775,0.7023809523809524,23.77777777777778
EQX1015,Bulldozer,1,44,False,1,0.8470588235294118,0.1625,17,0,,,,
EQX1015,Bulldozer,2,34,False,1,0.6823529411764706,0.3375,10,1,0.8470588235294118,0.1625,0.8470588235294118,17.0
EQX1015,Bulldozer,3,25,False,1,0.9638554216867469,0.0375,19,2,0.7647058823529411,0.25,0.6823529411764706,13.5
EQX1015,Bulldozer,4,123,False,1,0.8953488372093024,0.1125,23,3,0.8310890621308764,0.17916666666666667,0.9638554216867469,15.333333333333334
EQX1015,Bulldozer,5,10,False,0,0.8823529411764706,0.125,23,4,0.847154005900483,0.1625,0.8953488372093024,17.25
EQX1015,Bulldozer,6,8,True,,0.7804878048780487,0.225,18,5,0.8541937929556804,0.155,0.8823529411764706,18.4
EQX1016,Excavator,1,5,False,0,0.7093023255813954,0.3125,24,0,,,,
EQX1016,Excavator,2,16,False,1,0.9230769230769231,0.075,18,1,0.7093023255813954,0.3125,0.7093023255813954,24.0
EQX1016,Excavator,3,2,False,0,0.7303370786516854,0.3,13,2,0.8161896243291593,0.19375,0.9230769230769231,21.0
EQX1016,Excavator,4,10,False,0,0.6842105263157895,0.3,19,3,0.7875721091033346,0.22916666666666666,0.7303370786516854,18.333333333333332
EQX1016,Excavator,5,64,False,1,0.8953488372093024,0.1125,28,4,0.7617317134064483,0.246875,0.6842105263157895,18.5
EQX1016,Excavator,6,12,False,0,0.9529411764705882,0.05,27,5,0.7884551381670192,0.22000000000000003,0.8953488372093024,20.4
EQX1016,Excavator,7,10,False,0,0.85,0.15,26,6,0.8158694778842807,0.19166666666666665,0.9529411764705882,21.5
EQX1016,Excavator,8,58,True,,0.8235294117647058,0.1875,20,7,0.8207452667579549,0.18571428571428572,0.85,22.142857142857142
EQX1017,Excavator,1,2,False,0,0.6265060240963856,0.3875,28,0,,,,
EQX1017,Excavator,2,12,False,0,0.5324675324675324,0.45,22,1,0.6265060240963856,0.3875,0.6265060240963856,28.0
EQX1017,Excavator,3,6,False,0,0.7012987012987013,0.2875,25,2,0.579486778281959,0.41875,0.5324675324675324,25.0
EQX1017,Excavator,4,19,False,1,0.8202247191011235,0.2,19,3,0.6200907526208731,0.375,0.7012987012987013,25.0
EQX1017,Excavator,5,9,False,0,0.776470588235294,0.2375,24,4,0.6701242442409356,0.33125,0.8202247191011235,23.5
EQX1017,Excavator,6,3,False,0,0.4230769230769231,0.5625,18,5,0.6913935130398073,0.3125,0.776470588235294,23.6
EQX1017,Excavator,7,6,False,0,0.8026315789473684,0.1875,15,6,0.6466740813793267,0.3541666666666667,0.4230769230769231,22.666666666666668
EQX1017,Excavator,8,27,False,1,1.0,0.0,14,7,0.6689537238890468,0.33035714285714285,0.8026315789473684,21.571428571428573
EQX1017,Excavator,9,31,False,1,0.532608695652174,0.5375,17,8,0.710334508402916,0.2890625,1.0,20.625
EQX1017,Excavator,10,12,False,0,0.82,0.225,26,9,0.6905871958750558,0.31666666666666665,0.532608695652174,20.22222222222222
EQX1017,Excavator,11,14,True,,0.6790123456790124,0.325,27,10,0.7035284762875502,0.3075,0.82,20.8
EQX1018,Excavator,1,24,False,1,0.5975609756097562,0.4125,24,0,,,,
EQX1018,Excavator,2,34,False,1,0.728395061728395,0.275,20,1,0.5975609756097562,0.4125,0.5975609756097562,24.0
EQX1018,Excavator,3,23,False,1,0.8072289156626505,0.2,17,2,0.6629780186690756,0.34375,0.728395061728395,22.0
EQX1018,Excavator,4,3,False,0,0.6444444444444444,0.4,12,3,0.7110616510002673,0.29583333333333334,0.8072289156626505,20.333333333333332
EQX1018,Excavator,5,64,False,1,0.6582278481012658,0.3375,21,4,0.6944073493613115,0.321875,0.6444444444444444,18.25
EQX1018,Excavator,6,6,False,0,0.788235294117647,0.225,10,5,0.6871714491093024,0.325,0.6582278481012658,18.8
EQX1018,Excavator,7,17,False,1,0.5888888888888889,0.4625,24,6,0.7040154232773599,0.30833333333333335,0.788235294117647,17.333333333333332
EQX1018,Excavator,8,75,True,,0.6024096385542168,0.4125,19,7,0.6875687755075782,0.33035714285714285,0.5888888888888889,18.285714285714285
EQX1019,Bulldozer,1,9,False,0,0.3068181818181818,0.7625,11,0,,,,
EQX1019,Bulldozer,2,2,False,0,0.4875,0.5125,24,1,0.3068181818181818,0.7625,0.3068181818181818,11.0
EQX1019,Bulldozer,3,22,False,1,0.48837209302325574,0.55,26,2,0.3971590909090909,0.6375,0.4875,17.5
EQX1019,Bulldozer,4,4,False,0,0.12195121951219513,0.9,13,3,0.42756342494714583,0.6083333333333333,0.48837209302325574,20.333333333333332
EQX1019,Bulldozer,5,2,False,0,0.4698795180722891,0.55,16,4,0.3511603735884082,0.68125,0.12195121951219513,18.5
EQX1019,Bulldozer,6,12,False,0,0.2716049382716049,0.7375,16,5,0.37490420248518436,0.655,0.4698795180722891,18.0
EQX1019,Bulldozer,7,21,False,1,0.6542056074766356,0.4625,24,6,0.3576876584495878,0.6687500000000001,0.2716049382716049,17.666666666666668
EQX1019,Bulldozer,8,1,False,0,0.23863636363636362,0.8375,10,7,0.40004736545345176,0.6392857142857142,0.6542056074766356,18.571428571428573
EQX1019,Bulldozer,9,12,False,0,0.6722689075630252,0.4875,17,8,0.37987099022631576,0.6640625,0.23863636363636362,17.5
EQX1019,Bulldozer,10,16,False,1,0.25,0.8625,19,9,0.41235964770817235,0.6444444444444444,0.6722689075630252,17.444444444444443
EQX1019,Bulldozer,11,18,False,1,0.2613636363636363,0.8125,29,10,0.3961236829373551,0.66625,0.25,17.6
EQX1019,Bulldozer,12,33,True,,0.10714285714285714,0.9375,13,11,0.3838727696124716,0.6795454545454546,0.2613636363636363,18.636363636363637
EQX1020,Grader,1,1,False,0,0.8688524590163935,0.26666666666666666,14,0,,,,
EQX1020,Grader,2,48,False,1,0.6029411764705882,0.45,9,1,0.8688524590163935,0.26666666666666666,0.8688524590163935,14.0
EQX1020,Grader,3,9,False,0,0.6236559139784945,0.5833333333333334,19,2,0.7358968177434908,0.35833333333333334,0.6029411764705882,11.5
EQX1020,Grader,4,12,False,0,0.8548387096774193,0.15,14,3,0.6984831831551587,0.43333333333333335,0.6236559139784945,14.0
EQX1020,Grader,5,75,False,1,0.75,0.25,18,4,0.7375720647857239,0.3625,0.8548387096774193,14.0
EQX1020,Grader,6,21,False,1,0.9152542372881356,0.08333333333333333,12,5,0.7400576518285791,0.34,0.75,14.8
EQX1020,Grader,7,17,False,1,0.7377049180327869,0.26666666666666666,26,6,0.7692570827385051,0.2972222222222222,0.9152542372881356,14.333333333333334
EQX1020,Grader,8,20,False,1,0.8281249999999999,0.18333333333333335,26,7,0.7647496306376882,0.2928571428571428,0.7377049180327869,16.0
EQX1020,Grader,9,36,True,,0.8059701492537313,0.21666666666666667,17,8,0.7726715518079772,0.2791666666666667,0.8281249999999999,17.25
EQX1021,Grader,1,8,False,0,0.34920634920634924,0.6833333333333332,18,0,,,,
EQX1021,Grader,2,2,False,0,0.4666666666666666,0.5333333333333333,16,1,0.34920634920634924,0.6833333333333332,0.34920634920634924,18.0
EQX1021,Grader,3,6,False,0,0.6716417910447761,0.3666666666666667,15,2,0.40793650793650793,0.6083333333333333,0.4666666666666666,17.0
EQX1021,Grader,4,2,False,0,0.53125,0.5,20,3,0.4958382689725973,0.5277777777777778,0.6716417910447761,16.333333333333332
EQX1021,Grader,5,7,False,0,0.34285714285714286,0.7666666666666666,13,4,0.504691201729448,0.5208333333333333,0.53125,17.25
EQX1021,Grader,6,12,False,0,0.36231884057971014,0.7333333333333334,27,5,0.47232438995498693,0.57,0.34285714285714286,16.4
EQX1021,Grader,7,0,False,0,0.4126984126984127,0.6166666666666667,28,6,0.4539901317257742,0.5972222222222222,0.36231884057971014,18.166666666666668
EQX1021,Grader,8,56,False,1,0.49230769230769234,0.5499999999999999,17,7,0.44809131472186536,0.6,0.4126984126984127,19.571428571428573
EQX1021,Grader,9,3,False,0,0.5277777777777778,0.5666666666666667,16,8,0.45361836192009375,0.59375,0.49230769230769234,19.25
EQX1021,Grader,10,23,False,1,0.16417910447761197,0.9333333333333332,11,9,0.46185829701539194,0.5907407407407407,0.5277777777777778,18.88888888888889
EQX1021,Grader,11,0,False,0,0.8611111111111112,0.25,15,10,0.43209037776161396,0.625,0.16417910447761197,18.1
EQX1021,Grader,12,25,True,,0.4107142857142857,0.5499999999999999,22,11,0.4710922626115682,0.5909090909090909,0.8611111111111112,17.818181818181817
EQX1022,Bulldozer,1,12,False,0,0.7142857142857143,0.275,10,0,,,,
EQX1022,Bulldozer,2,14,False,1,0.7356321839080461,0.2875,11,1,0.7142857142857143,0.275,0.7142857142857143,10.0
EQX1022,Bulldozer,3,88,False,1,0.7252747252747253,0.3125,14,2,0.7249589490968802,0.28125,0.7356321839080461,10.5
EQX1022,Bulldozer,4,20,False,1,0.7999999999999999,0.2125,26,3,0.7250642078228285,0.2916666666666667,0.7252747252747253,11.666666666666666
EQX1022,Bulldozer,5,24,False,1,0.717948717948718,0.275,10,4,0.7437981558671214,0.271875,0.7999999999999999,15.25
EQX1022,Bulldozer,6,20,False,1,0.9090909090909091,0.1,27,5,0.7386282682834407,0.2725,0.717948717948718,14.2
EQX1022,Bulldozer,7,3,False,0,0.8452380952380951,0.1625,21,6,0.7670387084180188,0.24375000000000002,0.9090909090909091,16.333333333333332
EQX1022,Bulldozer,8,15,False,1,0.6222222222222222,0.425,23,7,0.7782100493923154,0.23214285714285715,0.8452380952380951,17.0
EQX1022,Bulldozer,9,32,True,,0.6428571428571428,0.5625,19,8,0.7587115709960537,0.25625,0.6222222222222222,17.75
EQX1023,Grader,1,59,False,1,0.6545454545454545,0.31666666666666665,15,0,,,,
EQX1023,Grader,2,5,False,0,0.8253968253968254,0.18333333333333335,15,1,0.6545454545454545,0.31666666666666665,0.6545454545454545,15.0
EQX1023,Grader,3,40,False,1,0.7608695652173914,0.18333333333333335,27,2,0.73997113997114,0.25,0.8253968253968254,15.0
EQX1023,Grader,4,17,False,1,0.8387096774193549,0.16666666666666666,14,3,0.7469372817198904,0.22777777777777777,0.7608695652173914,19.0
EQX1023,Grader,5,13,False,0,0.8135593220338982,0.18333333333333335,23,4,0.7698803806447565,0.2125,0.8387096774193549,17.75
EQX1023,Grader,6,28,False,1,0.8448275862068965,0.15,22,5,0.7786161689225849,0.2066666666666667,0.8135593220338982,18.8
EQX1023,Grader,7,57,True,,0.7868852459016393,0.21666666666666667,26,6,0.7896514051366368,0.19722222222222222,0.8448275862068965,19.333333333333332
EQX1024,Crane,1,13,False,0,0.696551724137931,0.8800000000000001,11,0,,,,
EQX1024,Crane,2,4,False,0,0.6896551724137931,0.36,23,1,0.696551724137931,0.8800000000000001,0.696551724137931,11.0
EQX1024,Crane,3,27,False,1,0.5185185185185185,0.52,22,2,0.693103448275862,0.6200000000000001,0.6896551724137931,17.0
EQX1024,Crane,4,16,False,1,0.5740740740740741,0.45999999999999996,25,3,0.6349084716900809,0.5866666666666668,0.5185185185185185,18.666666666666668
EQX1024,Crane,5,25,False,1,0.4716981132075472,0.5599999999999999,19,4,0.6196998722860791,0.555,0.5740740740740741,20.25
EQX1024,Crane,6,20,False,1,0.78,0.22000000000000003,9,5,0.5900995204703727,0.556,0.4716981132075472,20.0
EQX1024,Crane,7,11,False,0,0.3928571428571429,0.6799999999999999,13,6,0.6217496003919774,0.5,0.78,18.166666666666668
EQX1024,Crane,8,8,False,0,1.0,0.0,17,7,0.5890506778870009,0.5257142857142857,0.3928571428571429,17.428571428571427
EQX1024,Crane,9,73,True,,0.5166666666666667,0.58,19,8,0.6404193431511258,0.45999999999999996,1.0,17.375
EQX1025,Excavator,1,24,False,1,0.8275862068965518,0.1875,13,0,,,,
EQX1025,Excavator,2,3,False,0,0.5853658536585367,0.425,23,1,0.8275862068965518,0.1875,0.8275862068965518,13.0
EQX1025,Excavator,3,18,False,1,0.3888888888888889,0.6875,18,2,0.7064760302775442,0.30625,0.5853658536585367,18.0
EQX1025,Excavator,4,14,False,1,0.7659574468085106,0.275,10,3,0.6006136498146591,0.43333333333333335,0.3888888888888889,18.0
EQX1025,Excavator,5,0,False,0,0.5853658536585367,0.425,23,4,0.641949599063122,0.39375000000000004,0.7659574468085106,16.0
EQX1025,Excavator,6,4,False,0,0.4047619047619047,0.625,18,5,0.6306328499822049,0.4,0.5853658536585367,17.4
EQX1025,Excavator,7,11,False,0,0.5934065934065934,0.4625,27,6,0.5929876924454882,0.4375,0.4047619047619047,17.5
EQX1025,Excavator,8,11,False,0,0.3647058823529412,0.675,29,7,0.5930475354399318,0.44107142857142856,0.5934065934065934,18.857142857142858
EQX1025,Excavator,9,14,False,1,0.4050632911392405,0.5875,28,8,0.564504828804058,0.4703125,0.3647058823529412,20.125
EQX1025,Excavator,10,4,False,0,0.6179775280898876,0.425,16,9,0.5467891023968561,0.4833333333333333,0.4050632911392405,21.0
EQX1025,Excavator,11,32,True,,0.7261904761904763,0.2875,10,10,0.5539079449661592,0.47750000000000004,0.6179775280898876,20.5
EQX1026,Grader,1,1,False,0,0.20895522388059704,0.8833333333333333,19,0,,,,
EQX1026,Grader,2,2,False,0,0.38095238095238093,0.65,12,1,0.20895522388059704,0.8833333333333333,0.20895522388059704,19.0
EQX1026,Grader,3,20,False,1,0.5344827586206896,0.45,15,2,0.294953802416489,0.7666666666666666,0.38095238095238093,15.5
EQX1026,Grader,4,6,False,0,0.2,0.8666666666666667,29,3,0.3747967878178892,0.6611111111111111,0.5344827586206896,15.333333333333334
EQX1026,Grader,5,4,False,0,0.5076923076923077,0.5333333333333333,20,4,0.3310975908634169,0.7125,0.2,18.75
EQX1026,Grader,6,14,False,1,0.6842105263157895,0.6,20,5,0.36641653422919507,0.6766666666666666,0.5076923076923077,19.0
EQX1026,Grader,7,9,False,0,1.0,0.0,16,6,0.4193821995769608,0.6638888888888889,0.6842105263157895,19.166666666666668
EQX1026,Grader,8,20,False,1,0.4576271186440678,0.5333333333333333,9,7,0.5023275996373949,0.569047619047619,1.0,18.714285714285715
EQX1026,Grader,9,12,False,0,0.15873015873015872,0.8833333333333333,28,8,0.4967400395132291,0.5645833333333333,0.4576271186440678,17.5
EQX1026,Grader,10,12,False,0,0.08771929824561403,0.8666666666666667,19,9,0.4591833860928879,0.6000000000000001,0.15873015873015872,18.666666666666668
EQX1026,Grader,11,11,False,0,0.15254237288135591,0.8333333333333334,29,10,0.4220369773081606,0.6266666666666667,0.08771929824561403,18.7
EQX1026,Grader,12,0,False,0,0.3709677419354839,0.65,19,11,0.39753746781481464,0.6454545454545454,0.15254237288135591,19.636363636363637
EQX1026,Grader,13,7,True,,0.12307692307692308,0.9500000000000001,18,12,0.3953233239915371,0.6458333333333334,0.3709677419354839,19.583333333333332
EQX1027,Grader,1,0,False,0,0.4461538461538461,0.6,23,0,,,,
EQX1027,Grader,2,7,False,0,0.5454545454545455,0.5,11,1,0.4461538461538461,0.6,0.4461538461538461,23.0
EQX1027,Grader,3,9,False,0,0.8059701492537313,0.21666666666666667,11,2,0.4958041958041958,0.55,0.5454545454545455,17.0
EQX1027,Grader,4,2,False,0,0.467741935483871,0.5499999999999999,16,3,0.599192846954041,0.4388888888888889,0.8059701492537313,15.0
EQX1027,Grader,5,20,False,1,0.6031746031746031,0.4166666666666667,10,4,0.5663301190864984,0.4666666666666667,0.467741935483871,15.25
EQX1027,Grader,6,27,False,1,0.7272727272727273,0.5499999999999999,17,5,0.5736990159041194,0.45666666666666667,0.6031746031746031,14.2
EQX1027,Grader,7,9,False,0,0.5352112676056338,0.5499999999999999,13,6,0.5992946344655541,0.47222222222222215,0.7272727272727273,14.666666666666666
EQX1027,Grader,8,3,False,0,0.38983050847457623,0.6,28,7,0.5901398677712797,0.48333333333333334,0.5352112676056338,14.428571428571429
EQX1027,Grader,9,36,False,1,0.5,0.5666666666666667,26,8,0.5651011978591918,0.4979166666666667,0.38983050847457623,16.125
EQX1027,Grader,10,2,False,0,0.47887323943661975,0.6166666666666667,15,9,0.5578677314303927,0.5055555555555555,0.5,17.22222222222222
EQX1027,Grader,11,10,False,0,0.8416666666666667,0.31666666666666665,13,10,0.5499682822310155,0.5166666666666666,0.47887323943661975,17.0
EQX1027,Grader,12,0,False,0,0.7230769230769231,0.3,14,11,0.576486317179711,0.4984848484848485,0.8416666666666667,16.636363636363637
EQX1027,Grader,13,7,False,0,0.9448818897637796,0.11666666666666665,14,12,0.5887022010044787,0.48194444444444445,0.7230769230769231,16.416666666666668
EQX1027,Grader,14,1,True,,0.467741935483871,0.5499999999999999,13,13,0.6161006386013479,0.4538461538461538,0.9448818897637796,16.23076923076923
EQX1028,Bulldozer,1,23,False,1,0.8275862068965518,0.1875,24,0,,,,
EQX1028,Bulldozer,2,18,False,1,0.6263736263736264,0.425,28,1,0.8275862068965518,0.1875,0.8275862068965518,24.0
EQX1028,Bulldozer,3,6,False,0,0.5454545454545454,0.5,25,2,0.7269799166350891,0.30625,0.6263736263736264,26.0
EQX1028,Bulldozer,4,2,False,0,0.6823529411764706,0.3375,10,3,0.6664714595749078,0.37083333333333335,0.5454545454545454,25.666666666666668
EQX1028,Bulldozer,5,19,False,1,0.6043956043956045,0.45,17,4,0.6704418299752986,0.3625,0.6823529411764706,21.75
EQX1028,Bulldozer,6,45,False,1,0.9466666666666667,0.05,13,5,0.6572325848593598,0.38,0.6043956043956045,20.8
EQX1028,Bulldozer,7,41,False,1,0.6705882352941177,0.35,17,6,0.705471598493911,0.325,0.9466666666666667,19.5
EQX1028,Bulldozer,8,5,False,0,0.6818181818181818,0.35,26,7,0.7004882608939405,0.32857142857142857,0.6705882352941177,19.142857142857142
EQX1028,Bulldozer,9,64,True,,0.5454545454545454,0.4375,15,8,0.6981545010094706,0.33125,0.6818181818181818,20.0
EQX1029,Excavator,1,33,False,1,0.95,0.05,24,0,,,,
EQX1029,Excavator,2,0,False,0,0.654320987654321,0.35,28,1,0.95,0.05,0.95,24.0
EQX1029,Excavator,3,39,False,1,0.8202247191011235,0.2,16,2,0.8021604938271605,0.19999999999999998,0.654320987654321,26.0
EQX1029,Excavator,4,32,False,1,0.4347826086956522,0.65,13,3,0.8081819022518149,0.19999999999999998,0.8202247191011235,22.666666666666668
EQX1029,Excavator,5,1,False,0,0.7865168539325842,0.2375,11,4,0.7148320788627742,0.3125,0.4347826086956522,20.25
EQX1029,Excavator,6,16,False,1,0.5833333333333334,0.4375,15,5,0.7291690338767362,0.2975,0.7865168539325842,18.4
EQX1029,Excavator,7,45,False,1,0.7142857142857143,0.325,26,6,0.704863083786169,0.32083333333333336,0.5833333333333334,17.833333333333332
EQX1029,Excavator,8,28,False,1,0.47727272727272724,0.575,13,7,0.7062091738575326,0.32142857142857145,0.7142857142857143,19.0
EQX1029,Excavator,9,35,True,,0.5402298850574714,0.5,19,8,0.677592118034432,0.353125,0.47727272727272724,18.25
EQX1030,Bulldozer,1,106,False,1,0.908256880733945,0.125,28,0,,,,
EQX1030,Bulldozer,2,12,False,0,0.9666666666666666,0.0375,14,1,0.908256880733945,0.125,0.908256880733945,28.0
EQX1030,Bulldozer,3,0,False,0,1.0,0.0,27,2,0.9374617737003057,0.08125,0.9666666666666666,21.0
EQX1030,Bulldozer,4,9,False,0,0.9886363636363636,0.0125,18,3,0.9583078491335372,0.05416666666666667,1.0,23.0
EQX1030,Bulldozer,5,36,False,1,1.0,0.0,18,4,0.9658899777592438,0.04375,0.9886363636363636,21.75
EQX1030,Bulldozer,6,18,False,1,1.0,0.0,17,5,0.9727119822073951,0.034999999999999996,1.0,21.0
EQX1030,Bulldozer,7,16,False,1,0.7558139534883721,0.2625,19,6,0.9772599851728292,0.029166666666666664,1.0,20.333333333333332
EQX1030,Bulldozer,8,30,True,,1.0,0.0,19,7,0.9456248377893353,0.0625,0.7558139534883721,20.142857142857142
EQX1031,Bulldozer,1,10,False,0,0.27906976744186046,0.775,22,0,,,,
EQX1031,Bulldozer,2,39,False,1,1.0,0.0,27,1,0.27906976744186046,0.775,0.27906976744186046,22.0
EQX1031,Bulldozer,3,8,False,0,0.7407407407407408,0.2625,22,2,0.6395348837209303,0.3875,1.0,24.5
EQX1031,Bulldozer,4,5,False,0,0.5172413793103449,0.525,24,3,0.6732701693942005,0.3458333333333334,0.7407407407407408,23.666666666666668
EQX1031,Bulldozer,5,15,False,1,0.2727272727272727,0.8,20,4,0.6342629718732365,0.390625,0.5172413793103449,23.75
EQX1031,Bulldozer,6,6,False,0,0.4078947368421053,0.5625,23,5,0.5619558320440439,0.4725,0.2727272727272727,23.0
EQX1031,Bulldozer,7,23,False,1,0.49411764705882355,0.5375,22,6,0.5362789828437208,0.4875,0.4078947368421053,23.0
EQX1031,Bulldozer,8,6,False,0,0.20454545454545453,0.875,19,7,0.5302559348744497,0.4946428571428571,0.49411764705882355,22.857142857142858
EQX1031,Bulldozer,9,0,False,0,0.3333333333333333,0.775,25,8,0.48954212483332527,0.5421875,0.20454545454545453,22.375
EQX1031,Bulldozer,10,24,True,,0.6444444444444444,0.4,13,9,0.47218559244443725,0.5680555555555555,0.3333333333333333,22.666666666666668
EQX1032,Crane,1,2,False,0,0.9052631578947368,0.18,23,0,,,,
EQX1032,Crane,2,0,False,0,0.9473684210526316,0.06,24,1,0.9052631578947368,0.18,0.9052631578947368,23.0
EQX1032,Crane,3,73,False,1,0.9508196721311476,0.06,19,2,0.9263157894736842,0.12,0.9473684210526316,23.5
EQX1032,Crane,4,15,False,1,0.9365079365079365,0.08,16,3,0.9344837503595054,0.09999999999999999,0.9508196721311476,22.0
EQX1032,Crane,5,28,False,1,0.7540983606557377,0.3,12,4,0.9349897968966131,0.095,0.9365079365079365,20.5
EQX1032,Crane,6,0,False,0,0.8775510204081634,0.12,12,5,0.898811509648438,0.13599999999999998,0.7540983606557377,18.8
EQX1032,Crane,7,3,False,0,1.0,0.0,25,6,0.895268094775059,0.13333333333333333,0.8775510204081634,17.666666666666668
EQX1032,Crane,8,14,False,1,0.8113207547169812,0.2,13,7,0.9102297955214791,0.1142857142857143,1.0,18.714285714285715
EQX1032,Crane,9,42,True,,0.6721311475409836,0.4,20,8,0.8978661654209168,0.125,0.8113207547169812,18.0
EQX1033,Crane,1,11,False,0,0.5535714285714286,0.5,14,0,,,,
EQX1033,Crane,2,28,False,1,0.5740740740740741,0.45999999999999996,27,1,0.5535714285714286,0.5,0.5535714285714286,14.0
EQX1033,Crane,3,13,False,0,0.679245283018868,0.33999999999999997,26,2,0.5638227513227514,0.48,0.5740740740740741,20.5
EQX1033,Crane,4,50,False,1,1.0,0.0,19,3,0.6022969285547902,0.4333333333333333,0.679245283018868,22.333333333333332
EQX1033,Crane,5,13,False,0,0.559322033898305,0.52,10,4,0.7017226964160926,0.32499999999999996,1.0,21.5
EQX1033,Crane,6,28,False,1,0.8367346938775511,0.16,13,5,0.6732425639125351,0.364,0.559322033898305,19.2
EQX1033,Crane,7,23,False,1,0.4807692307692307,0.54,16,6,0.7004912522400377,0.33,0.8367346938775511,18.166666666666668
EQX1033,Crane,8,19,False,1,0.5076923076923077,0.64,22,7,0.6691023920299225,0.36,0.4807692307692307,17.857142857142858
EQX1033,Crane,9,29,True,,0.5283018867924528,0.5,26,8,0.6489261314877206,0.395,0.5076923076923077,18.375
EQX1034,Bulldozer,1,9,False,0,0.654320987654321,0.35,23,0,,,,
EQX1034,Bulldozer,2,6,False,0,0.7499999999999999,0.275,14,1,0.654320987654321,0.35,0.654320987654321,23.0
EQX1034,Bulldozer,3,29,False,1,0.8214285714285714,0.1875,12,2,0.7021604938271604,0.3125,0.7499999999999999,18.5
EQX1034,Bulldozer,4,26,False,1,0.9285714285714285,0.075,15,3,0.7419165196942975,0.2708333333333333,0.8214285714285714,16.333333333333332
EQX1034,Bulldozer,5,9,False,0,0.810126582278481,0.1875,25,4,0.7885802469135802,0.221875,0.9285714285714285,16.0
EQX1034,Bulldozer,6,11,False,0,0.8045977011494253,0.2125,10,5,0.7928895139865604,0.215,0.810126582278481,17.8
EQX1034,Bulldozer,7,79,False,1,0.7741935483870968,0.2625,11,6,0.7948408785137046,0.21458333333333335,0.8045977011494253,16.5
EQX1034,Bulldozer,8,65,True,,0.7777777777777778,0.225,19,7,0.7918912599241892,0.22142857142857145,0.7741935483870968,15.714285714285714
EQX1035,Crane,1,16,False,1,0.7307692307692308,0.27999999999999997,28,0,,,,
EQX1035,Crane,2,14,False,1,0.6538461538461539,0.36,21,1,0.7307692307692308,0.27999999999999997,0.7307692307692308,28.0
EQX1035,Crane,3,16,False,1,0.29411764705882354,0.72,28,2,0.6923076923076923,0.31999999999999995,0.6538461538461539,24.5
EQX1035,Crane,4,13,False,0,0.7307692307692307,0.7,22,3,0.5595776772247361,0.4533333333333333,0.29411764705882354,25.666666666666668
EQX1035,Crane,5,22,False,1,0.2727272727272727,0.8,18,4,0.6023755656108598,0.5149999999999999,0.7307692307692307,24.75
EQX1035,Crane,6,4,False,0,0.5686274509803921,0.44000000000000006,26,5,0.5364459070341423,0.572,0.2727272727272727,23.4
EQX1035,Crane,7,31,False,1,0.9454545454545454,0.06,24,6,0.5418094976918506,0.5499999999999999,0.5686274509803921,23.833333333333332
EQX1035,Crane,8,23,False,1,0.1129032258064516,1.1,20,7,0.5994730759436642,0.48,0.9454545454545454,23.857142857142858
EQX1035,Crane,9,6,False,0,0.44827586206896547,0.64,9,8,0.5386518446765126,0.5575,0.1129032258064516,23.375
EQX1035,Crane,10,23,True,,0.3859649122807018,0.7,17,9,0.5286100688312296,0.5666666666666667,0.44827586206896547,21.77777777777778
EQX1036,Bulldozer,1,4,False,0,0.7325581395348837,0.2875,11,0,,,,
EQX1036,Bulldozer,2,26,False,1,0.5348837209302325,0.5,17,1,0.7325581395348837,0.2875,0.7325581395348837,11.0
EQX1036,Bulldozer,3,6,False,0,0.6818181818181818,0.35,25,2,0.6337209302325582,0.39375,0.5348837209302325,14.0
EQX1036,Bulldozer,4,5,False,0,0.4382022471910112,0.625,27,3,0.649753347427766,0.37916666666666665,0.6818181818181818,17.666666666666668
EQX1036,Bulldozer,5,32,False,1,0.33333333333333337,0.725,24,4,0.5968655723685773,0.440625,0.4382022471910112,20.0
EQX1036,Bulldozer,6,11,False,0,0.4367816091954023,0.6125,16,5,0.5441591245615285,0.49749999999999994,0.33333333333333337,20.8
EQX1036,Bulldozer,7,3,False,0,0.8174603174603174,0.2875,25,6,0.5262628720005075,0.5166666666666667,0.4367816091954023,20.0
EQX1036,Bulldozer,8,14,False,1,0.49411764705882355,0.5375,18,7,0.5678625070661946,0.48392857142857143,0.8174603174603174,20.714285714285715
EQX1036,Bulldozer,9,14,False,1,0.7613636363636364,0.2625,13,8,0.5586443995652732,0.490625,0.49411764705882355,20.375
EQX1036,Bulldozer,10,19,False,1,0.5,0.575,24,9,0.5811687592095358,0.4652777777777778,0.7613636363636364,19.555555555555557
EQX1036,Bulldozer,11,27,True,,0.6363636363636364,0.35,27,10,0.5730518832885823,0.47625,0.5,20.0
EQX1037,Grader,1,33,False,1,0.7391304347826086,0.3,18,0,,,,
EQX1037,Grader,2,15,False,1,0.75,0.2833333333333333,20,1,0.7391304347826086,0.3,0.7391304347826086,18.0
EQX1037,Grader,3,1,False,0,0.34782608695652173,0.75,14,2,0.7445652173913043,0.29166666666666663,0.75,19.0
EQX1037,Grader,4,9,False,0,0.6571428571428571,0.39999999999999997,27,3,0.6123188405797101,0.4444444444444444,0.34782608695652173,17.333333333333332
EQX1037,Grader,5,19,False,1,0.640625,0.3833333333333333,27,4,0.6235248447204969,0.4333333333333333,0.6571428571428571,19.75
EQX1037,Grader,6,8,False,0,0.625,0.45,20,5,0.6269448757763975,0.42333333333333334,0.640625,21.2
EQX1037,Grader,7,23,False,1,0.9516129032258065,0.049999999999999996,10,6,0.6266207298136646,0.42777777777777776,0.625,21.0
EQX1037,Grader,8,10,False,0,0.7761194029850746,0.25,13,7,0.6730481831582563,0.3738095238095238,0.9516129032258065,19.428571428571427
EQX1037,Grader,9,36,False,1,0.5949367088607594,0.5333333333333333,29,8,0.6859320856366086,0.35833333333333334,0.7761194029850746,18.625
EQX1037,Grader,10,4,False,0,0.6086956521739131,0.45,15,9,0.6758214882170699,0.37777777777777777,0.5949367088607594,19.77777777777778
EQX1037,Grader,11,14,True,,0.703125,0.31666666666666665,12,10,0.6691089046127541,0.385,0.6086956521739131,19.3
EQX1038,Crane,1,8,False,0,0.509090909090909,0.54,28,0,,,,
EQX1038,Crane,2,8,False,0,1.0,0.0,14,1,0.509090909090909,0.54,0.509090909090909,28.0
EQX1038,Crane,3,3,False,0,0.6981132075471698,0.32,13,2,0.7545454545454545,0.27,1.0,21.0
EQX1038,Crane,4,0,False,0,0.8913043478260869,0.2,12,3,0.7357347055460263,0.2866666666666667,0.6981132075471698,18.333333333333332
EQX1038,Crane,5,5,False,0,0.7333333333333334,0.32,26,4,0.7746271161160414,0.265,0.8913043478260869,16.75
EQX1038,Crane,6,31,False,1,0.8640776699029126,0.27999999999999997,19,5,0.7663683595594998,0.276,0.7333333333333334,18.6
EQX1038,Crane,7,7,False,0,0.375,0.6,23,6,0.7826532446167352,0.27666666666666667,0.8640776699029126,18.666666666666668
EQX1038,Crane,8,5,False,0,0.9702970297029703,0.06,14,7,0.7244170668143445,0.32285714285714284,0.375,19.285714285714285
EQX1038,Crane,9,4,False,0,0.9464285714285715,0.06,25,8,0.7551520621754227,0.29,0.9702970297029703,18.625
EQX1038,Crane,10,17,False,1,0.6346153846153847,0.38,16,9,0.7764050076479948,0.2644444444444444,0.9464285714285715,19.333333333333332
EQX1038,Crane,11,3,False,0,0.62,0.38,15,10,0.7622260453447338,0.27599999999999997,0.6346153846153847,19.0
EQX1038,Crane,12,19,False,1,0.36734693877551017,0.62,20,11,0.749296404858849,0.28545454545454546,0.62,18.636363636363637
EQX1038,Crane,13,9,True,,0.8688524590163935,0.16,11,12,0.7174672826852374,0.3133333333333333,0.36734693877551017,18.75
EQX1039,Grader,1,38,False,1,0.8095238095238095,0.19999999999999998,21,0,,,,
EQX1039,Grader,2,49,False,1,0.3134328358208956,0.7666666666666666,20,1,0.8095238095238095,0.19999999999999998,0.8095238095238095,21.0
EQX1039,Grader,3,31,False,1,0.5,0.5499999999999999,22,2,0.5614783226723525,0.4833333333333333,0.3134328358208956,20.5
EQX1039,Grader,4,5,False,0,0.3015873015873015,0.7333333333333334,20,3,0.540985548448235,0.5055555555555555,0.5,21.0
EQX1039,Grader,5,21,False,1,0.5072463768115941,0.5666666666666667,15,4,0.4811359867330016,0.5625,0.3015873015873015,20.75
EQX1039,Grader,6,8,False,0,0.5441176470588235,0.5166666666666667,13,5,0.4863580647487201,0.5633333333333332,0.5072463768115941,19.6
EQX1039,Grader,7,39,False,1,0.8833333333333333,0.11666666666666665,28,6,0.495984661800404,0.5555555555555555,0.5441176470588235,18.5
EQX1039,Grader,8,41,True,,0.7704918032786886,0.2333333333333333,18,7,0.5513201863051082,0.4928571428571428,0.8833333333333333,19.857142857142858
EQX1040,Excavator,1,1,False,0,0.7613636363636364,0.2625,12,0,,,,
EQX1040,Excavator,2,8,False,0,0.8804347826086957,0.1375,26,1,0.7613636363636364,0.2625,0.7613636363636364,12.0
EQX1040,Excavator,3,13,False,0,0.9764705882352942,0.025,17,2,0.820899209486166,0.2,0.8804347826086957,19.0
EQX1040,Excavator,4,2,False,0,0.85,0.15,17,3,0.8727563357358754,0.1416666666666667,0.9764705882352942,18.333333333333332
EQX1040,Excavator,5,41,False,1,1.0,0.0,11,4,0.8670672518019066,0.14375,0.85,18.0
EQX1040,Excavator,6,4,False,0,0.9887640449438203,0.0125,20,5,0.8936538014415252,0.11499999999999999,1.0,16.6
EQX1040,Excavator,7,62,False,1,0.6785714285714286,0.3375,17,6,0.9095055086919078,0.09791666666666667,0.9887640449438203,17.166666666666668
EQX1040,Excavator,8,32,False,1,1.0,0.0,14,7,0.8765149258175536,0.13214285714285715,0.6785714285714286,17.142857142857142
EQX1040,Excavator,9,16,False,1,1.0,0.0,9,8,0.8919505600903594,0.115625,1.0,16.75
EQX1040,Excavator,10,121,True,,0.839080459770115,0.175,13,9,0.9039560534136528,0.10277777777777779,1.0,15.88888888888889
EQX1041,Grader,1,1,False,0,0.8412698412698413,0.16666666666666666,28,0,,,,
EQX1041,Grader,2,21,False,1,0.7285714285714285,0.31666666666666665,13,1,0.8412698412698413,0.16666666666666666,0.8412698412698413,28.0
EQX1041,Grader,3,17,False,1,0.7301587301587301,0.5666666666666667,29,2,0.7849206349206349,0.24166666666666664,0.7285714285714285,20.5
EQX1041,Grader,4,31,False,1,0.9264705882352942,0.08333333333333333,9,3,0.7666666666666666,0.3499999999999999,0.7301587301587301,23.333333333333332
EQX1041,Grader,5,16,False,1,0.8130841121495327,0.3333333333333333,26,4,0.8066176470588236,0.2833333333333333,0.9264705882352942,19.75
EQX1041,Grader,6,45,False,1,1.0,0.0,10,5,0.8079109400769653,0.29333333333333333,0.8130841121495327,21.0
EQX1041,Grader,7,5,False,0,0.8805970149253731,0.13333333333333333,22,6,0.839925783397471,0.24444444444444444,1.0,19.166666666666668
EQX1041,Grader,8,144,True,,0.8307692307692308,0.18333333333333335,20,7,0.8457359593300285,0.22857142857142856,0.8805970149253731,19.571428571428573
EQX1042,Crane,1,59,False,1,0.7090909090909091,0.32,21,0,,,,
EQX1042,Crane,2,9,False,0,0.7325581395348837,0.45999999999999996,18,1,0.7090909090909091,0.32,0.7090909090909091,21.0
EQX1042,Crane,3,2,False,0,0.8214285714285714,0.2,26,2,0.7208245243128963,0.39,0.7325581395348837,19.5
EQX1042,Crane,4,51,False,1,0.6808510638297872,0.3,16,3,0.7543592066847881,0.32666666666666666,0.8214285714285714,21.666666666666668
EQX1042,Crane,5,15,False,1,0.4210526315789474,0.6599999999999999,20,4,0.7359821709710379,0.32,0.6808510638297872,20.25
EQX1042,Crane,6,20,False,1,0.847457627118644,0.18,29,5,0.6729962630926198,0.388,0.4210526315789474,20.2
EQX1042,Crane,7,3,False,0,0.52,0.48,16,6,0.7020731570969572,0.35333333333333333,0.847457627118644,21.666666666666668
EQX1042,Crane,8,22,True,,0.5084745762711864,0.58,24,7,0.676062706083106,0.37142857142857144,0.52,20.857142857142858
EQX1043,Grader,1,5,False,0,0.01754385964912281,0.9333333333333332,11,0,,,,
EQX1043,Grader,2,5,False,0,0.047619047619047616,1.0,14,1,0.01754385964912281,0.9333333333333332,0.01754385964912281,11.0
EQX1043,Grader,3,1,False,0,0.0923076923076923,0.9833333333333334,26,2,0.03258145363408521,0.9666666666666666,0.047619047619047616,12.5
EQX1043,Grader,4,8,False,0,0.06896551724137931,0.9,16,3,0.05249019985862091,0.9722222222222222,0.0923076923076923,17.0
EQX1043,Grader,5,20,False,1,0.016949152542372885,0.9666666666666667,25,4,0.056609029204310504,0.9541666666666666,0.06896551724137931,16.75
EQX1043,Grader,6,3,False,0,0.17142857142857143,0.9666666666666667,12,5,0.04867705387192298,0.9566666666666667,0.016949152542372885,18.4
EQX1043,Grader,7,16,False,1,0.20967741935483872,0.8166666666666668,18,6,0.06913564013136439,0.9583333333333334,0.17142857142857143,17.333333333333332
EQX1043,Grader,8,2,False,0,0.01639344262295082,1.0,13,7,0.0892130371632893,0.9380952380952381,0.20967741935483872,17.428571428571427
EQX1043,Grader,9,9,False,0,0.08571428571428572,1.0666666666666667,12,8,0.08011058784574698,0.9458333333333333,0.01639344262295082,16.875
EQX1043,Grader,10,4,False,0,0.034482758620689655,0.9333333333333332,23,9,0.08073322094225129,0.9592592592592593,0.08571428571428572,16.333333333333332
EQX1043,Grader,11,14,False,1,0.11475409836065573,0.9,20,10,0.07610817471009512,0.9566666666666667,0.034482758620689655,17.0
EQX1043,Grader,12,1,False,0,0.6923076923076923,0.3333333333333333,15,11,0.07962144049650972,0.9515151515151515,0.11475409836065573,17.272727272727273
EQX1043,Grader,13,0,False,0,0.0923076923076923,0.9833333333333334,26,12,0.1306786281474416,0.9,0.6923076923076923,17.083333333333332
EQX1043,Grader,14,1,False,0,0.21052631578947367,0.75,16,13,0.1277270176982301,0.9064102564102564,0.0923076923076923,17.76923076923077
EQX1043,Grader,15,10,True,,0.16417910447761197,0.9333333333333332,14,14,0.1336412532761761,0.8952380952380953,0.21052631578947367,17.642857142857142
EQX1044,Excavator,1,12,False,0,0.6422018348623852,0.4875,13,0,,,,
EQX1044,Excavator,2,37,False,1,0.25882352941176473,0.7875,24,1,0.6422018348623852,0.4875,0.6422018348623852,13.0
EQX1044,Excavator,3,40,False,1,0.9574468085106382,0.05,19,2,0.45051268213707496,0.6375,0.25882352941176473,18.5
EQX1044,Excavator,4,1,False,0,0.4193548387096774,0.675,12,3,0.619490724261596,0.44166666666666665,0.9574468085106382,18.666666666666668
EQX1044,Excavator,5,14,False,1,0.3012048192771084,0.725,24,4,0.5694567528736164,0.5,0.4193548387096774,17.0
EQX1044,Excavator,6,6,False,0,0.5061728395061729,0.5,12,5,0.5158063661543147,0.545,0.3012048192771084,18.4
EQX1044,Excavator,7,11,False,0,0.32051282051282054,0.6625,10,6,0.5142007783796244,0.5375,0.5061728395061729,17.333333333333332
EQX1044,Excavator,8,11,False,0,1.0,0.0,13,7,0.4865310701129382,0.5553571428571429,0.32051282051282054,16.285714285714285
EQX1044,Excavator,9,23,False,1,1.0,0.0,28,8,0.5507146863488209,0.4859375,1.0,15.875
EQX1044,Excavator,10,20,True,,0.4606741573033708,0.6,26,9,0.6006352767545075,0.43194444444444446,1.0,17.22222222222222
EQX1045,Grader,1,23,False,1,0.791044776119403,0.2333333333333333,27,0,,,,
EQX1045,Grader,2,3,False,0,0.6020408163265306,0.65,17,1,0.791044776119403,0.2333333333333333,0.791044776119403,27.0
EQX1045,Grader,3,4,False,0,1.0,0.0,17,2,0.6965427962229669,0.44166666666666665,0.6020408163265306,22.0
EQX1045,Grader,4,33,False,1,0.986842105263158,0.016666666666666666,13,3,0.7976951974819779,0.29444444444444445,1.0,20.333333333333332
EQX1045,Grader,5,68,False,1,0.9833333333333334,0.016666666666666666,12,4,0.8449819244272729,0.225,0.986842105263158,18.5
EQX1045,Grader,6,3,False,0,0.7457627118644068,0.25,12,5,0.872652206208485,0.18333333333333332,0.9833333333333334,17.2
EQX1045,Grader,7,63,False,1,0.6097560975609757,0.5333333333333333,11,6,0.8515039571511386,0.19444444444444442,0.7457627118644068,16.333333333333332
EQX1045,Grader,8,46,True,,1.0,0.0,19,7,0.8169685486382583,0.24285714285714285,0.6097560975609757,15.571428571428571
EQX1046,Bulldozer,1,6,False,0,0.48809523809523814,0.5375,13,0,,,,
EQX1046,Bulldozer,2,6,False,0,0.26582278481012656,0.725,24,1,0.48809523809523814,0.5375,0.48809523809523814,13.0
EQX1046,Bulldozer,3,7,False,0,0.0909090909090909,0.875,25,2,0.37695901145268235,0.63125,0.26582278481012656,18.5
EQX1046,Bulldozer,4,3,False,0,0.24675324675324675,0.725,23,3,0.2816090379381519,0.7125,0.0909090909090909,20.666666666666668
EQX1046,Bulldozer,5,17,False,1,0.38095238095238093,0.65,27,4,0.2728950901419256,0.715625,0.24675324675324675,21.25
EQX1046,Bulldozer,6,4,False,0,0.5294117647058824,0.5,27,5,0.2945065483040167,0.7025,0.38095238095238093,22.4
EQX1046,Bulldozer,7,1,False,0,0.550561797752809,0.5,28,6,0.3336574177043276,0.6687500000000001,0.5294117647058824,23.166666666666668
EQX1046,Bulldozer,8,5,False,0,0.6,0.425,24,7,0.3646437577112535,0.6446428571428572,0.550561797752809,23.857142857142858
EQX1046,Bulldozer,9,28,False,1,0.4024390243902439,0.6125,12,8,0.3940632879973468,0.6171875,0.6,23.875
EQX1046,Bulldozer,10,3,False,0,0.0967741935483871,1.05,11,9,0.3949939253743354,0.6166666666666667,0.4024390243902439,22.555555555555557
EQX1046,Bulldozer,11,3,False,0,0.5180722891566264,0.5,26,10,0.3651719521917406,0.6599999999999999,0.0967741935483871,21.4
EQX1046,Bulldozer,12,36,True,,0.6033057851239669,0.6,13,11,0.379071982824912,0.6454545454545454,0.5180722891566264,21.818181818181817
EQX1047,Grader,1,3,False,0,0.3731343283582089,0.7000000000000001,21,0,,,,
EQX1047,Grader,2,28,False,1,0.5714285714285714,0.45,21,1,0.3731343283582089,0.7000000000000001,0.3731343283582089,21.0
EQX1047,Grader,3,2,False,0,0.21538461538461537,0.85,27,2,0.47228144989339016,0.5750000000000001,0.5714285714285714,21.0
EQX1047,Grader,4,6,False,0,0.734375,0.5666666666666667,16,3,0.38664917172379853,0.6666666666666666,0.21538461538461537,23.0
EQX1047,Grader,5,13,False,0,0.5689655172413793,0.4166666666666667,28,4,0.4735806287928489,0.6416666666666666,0.734375,21.25
EQX1047,Grader,6,19,False,1,0.6268656716417911,0.4166666666666667,26,5,0.492657606482555,0.5966666666666667,0.5689655172413793,22.6
EQX1047,Grader,7,47,False,1,0.5423728813559322,0.45,26,6,0.5150256173424277,0.5666666666666667,0.6268656716417911,23.166666666666668
EQX1047,Grader,8,9,False,0,0.38983050847457623,0.6,20,7,0.5189323693443569,0.55,0.5423728813559322,23.571428571428573
EQX1047,Grader,9,1,False,0,0.5,0.5333333333333333,27,8,0.5027946367356343,0.55625,0.38983050847457623,23.125
EQX1047,Grader,10,22,True,,0.6296296296296295,0.3333333333333333,18,9,0.502484121542786,0.5537037037037037,0.5,23.555555555555557
EQX1048,Crane,1,26,False,1,0.42000000000000004,0.58,25,0,,,,
EQX1048,Crane,2,1,False,0,0.3833333333333333,0.74,25,1,0.42000000000000004,0.58,0.42000000000000004,25.0
EQX1048,Crane,3,4,False,0,0.4716981132075472,0.5599999999999999,17,2,0.40166666666666667,0.6599999999999999,0.3833333333333333,25.0
EQX1048,Crane,4,37,False,1,0.32075471698113206,0.72,21,3,0.4250104821802935,0.6266666666666666,0.4716981132075472,22.333333333333332
EQX1048,Crane,5,5,False,0,0.3548387096774194,0.8,26,4,0.39894654088050313,0.6499999999999999,0.32075471698113206,22.0
EQX1048,Crane,6,4,False,0,0.8645833333333333,0.26,25,5,0.3901249746398864,0.6799999999999999,0.3548387096774194,22.8
EQX1048,Crane,7,0,False,0,0.8275862068965518,0.3,27,6,0.4692013677554609,0.61,0.8645833333333333,23.166666666666668
EQX1048,Crane,8,2,False,0,0.6538461538461539,0.36,15,7,0.5203992019184739,0.5657142857142857,0.8275862068965518,23.714285714285715
EQX1048,Crane,9,1,False,0,0.339622641509434,0.7,16,8,0.5370800709094339,0.54,0.6538461538461539,22.625
EQX1048,Crane,10,21,False,1,0.36,0.64,13,9,0.5151403565316561,0.5577777777777777,0.339622641509434,21.88888888888889
EQX1048,Crane,11,23,True,,0.5,0.5599999999999999,16,10,0.49962632087849046,0.5660000000000001,0.36,21.0
EQX1049,Excavator,1,21,False,1,0.7222222222222222,0.3125,23,0,,,,
EQX1049,Excavator,2,32,False,1,0.6860465116279069,0.3375,29,1,0.7222222222222222,0.3125,0.7222222222222222,23.0
EQX1049,Excavator,3,50,False,1,0.7529411764705882,0.2625,13,2,0.7041343669250646,0.325,0.6860465116279069,26.0
EQX1049,Excavator,4,49,False,1,0.76,0.225,17,3,0.7204033034402392,0.3041666666666667,0.7529411764705882,21.666666666666668
EQX1049,Excavator,5,15,False,1,0.7727272727272726,0.25,11,4,0.7303024775801793,0.284375,0.76,20.5
EQX1049,Excavator,6,80,False,1,0.8488372093023256,0.1625,12,5,0.738787436609598,0.2775,0.7727272727272726,18.6
EQX1049,Excavator,7,66,True,,0.6951219512195123,0.3125,10,6,0.7571290653917192,0.25833333333333336,0.8488372093023256,17.5
EQX1050,Excavator,1,12,False,0,0.7590361445783131,0.25,28,0,,,,
EQX1050,Excavator,2,1,False,0,0.7472527472527473,0.2875,21,1,0.7590361445783131,0.25,0.7590361445783131,28.0
EQX1050,Excavator,3,3,False,0,0.5348837209302325,0.5,16,2,0.7531444459155302,0.26875,0.7472527472527473,24.5
EQX1050,Excavator,4,26,False,1,0.9876543209876544,0.0125,9,3,0.6803908709204309,0.3458333333333334,0.5348837209302325,21.666666666666668
EQX1050,Excavator,5,0,False,0,0.9876543209876544,0.0125,26,4,0.7572067334372368,0.2625,0.9876543209876544,18.5
EQX1050,Excavator,6,54,False,1,0.725,0.275,17,5,0.8032962509473203,0.2125,0.9876543209876544,20.0
EQX1050,Excavator,7,63,False,1,0.8571428571428571,0.15,23,6,0.7902468757894336,0.22291666666666665,0.725,19.5
EQX1050,Excavator,8,11,False,0,0.7976190476190476,0.2125,26,7,0.7998034445542084,0.2125,0.8571428571428571,20.0
EQX1050,Excavator,9,4,True,,0.7222222222222222,0.3125,16,8,0.7995303949373133,0.2125,0.7976190476190476,20.75
EQX1051,Excavator,1,3,False,0,0.670886075949367,0.325,28,0,,,,
EQX1051,Excavator,2,33,False,1,0.47826086956521746,0.6,22,1,0.670886075949367,0.325,0.670886075949367,28.0
EQX1051,Excavator,3,7,False,0,0.9615384615384616,0.0375,15,2,0.5745734727572922,0.4625,0.47826086956521746,25.0
EQX1051,Excavator,4,19,False,1,0.6976744186046512,0.325,25,3,0.7035618023510154,0.3208333333333333,0.9615384615384616,21.666666666666668
EQX1051,Excavator,5,46,False,1,0.8372093023255814,0.175,27,4,0.7020899564144243,0.32187499999999997,0.6976744186046512,22.5
EQX1051,Excavator,6,22,False,1,0.6942148760330578,0.4625,10,5,0.7291138255966557,0.2925,0.8372093023255814,23.4
EQX1051,Excavator,7,11,False,0,0.5443037974683543,0.45,25,6,0.7232973340027228,0.3208333333333333,0.6942148760330578,21.166666666666668
EQX1051,Excavator,8,18,False,1,0.6447368421052632,0.3375,12,7,0.6977268287835273,0.3392857142857143,0.5443037974683543,21.714285714285715
EQX1051,Excavator,9,19,True,,0.7625,0.2375,15,8,0.6911030804487442,0.3390625,0.6447368421052632,20.5
EQX1052,Crane,1,3,False,0,0.58,0.42000000000000004,14,0,,,,
EQX1052,Crane,2,8,False,0,0.5,0.52,11,1,0.58,0.42000000000000004,0.58,14.0
EQX1052,Crane,3,57,False,1,0.6153846153846154,0.4,21,2,0.54,0.47000000000000003,0.5,12.5
EQX1052,Crane,4,6,False,0,0.5660377358490566,0.45999999999999996,26,3,0.5651282051282052,0.4466666666666667,0.6153846153846154,15.333333333333334
EQX1052,Crane,5,13,False,0,0.54,0.45999999999999996,14,4,0.565355587808418,0.45,0.5660377358490566,18.0
EQX1052,Crane,6,40,False,1,0.4807692307692307,0.54,27,5,0.5602844702467344,0.45199999999999996,0.54,17.2
EQX1052,Crane,7,7,False,0,0.5833333333333334,0.4,15,6,0.5470319303338171,0.4666666666666666,0.4807692307692307,18.833333333333332
EQX1052,Crane,8,58,False,1,0.631578947368421,0.42000000000000004,19,7,0.5522178450480337,0.4571428571428572,0.5833333333333334,18.285714285714285
EQX1052,Crane,9,56,True,,0.6964285714285715,0.33999999999999997,23,8,0.5621379828380821,0.4525,0.631578947368421,18.375
EQX1053,Crane,1,6,False,0,0.5,0.9800000000000001,28,0,,,,
EQX1053,Crane,2,1,False,0,0.537037037037037,0.5,19,1,0.5,0.9800000000000001,0.5,28.0
EQX1053,Crane,3,24,False,1,0.43396226415094336,0.6,28,2,0.5185185185185185,0.74,0.537037037037037,23.5
EQX1053,Crane,4,10,False,0,0.5,0.54,9,3,0.4903331003959934,0.6933333333333334,0.43396226415094336,25.0
EQX1053,Crane,5,7,False,0,0.15094339622641512,0.9,12,4,0.49274982529699507,0.655,0.5,21.0
EQX1053,Crane,6,17,False,1,0.3103448275862069,0.8,23,5,0.4243885394828791,0.704,0.15094339622641512,19.2
EQX1053,Crane,7,21,False,1,0.396551724137931,0.7,26,6,0.405381254166767,0.7200000000000001,0.3103448275862069,19.833333333333332
EQX1053,Crane,8,2,False,0,0.5,0.58,19,7,0.40411989273407617,0.7171428571428572,0.396551724137931,20.714285714285715
EQX1053,Crane,9,53,False,1,0.5,0.58,24,8,0.41610490614231666,0.7,0.5,20.5
EQX1053,Crane,10,8,False,0,0.4313725490196079,0.58,11,9,0.4254265832376148,0.6866666666666666,0.5,20.88888888888889
EQX1053,Crane,11,0,True,,0.44642857142857145,0.62,14,10,0.4260211798158141,0.6759999999999999,0.4313725490196079,19.9
EQX1054,Grader,1,15,False,1,0.9857142857142858,0.016666666666666666,27,0,,,,
EQX1054,Grader,2,38,False,1,1.0,0.0,29,1,0.9857142857142858,0.016666666666666666,0.9857142857142858,27.0
EQX1054,Grader,3,2,False,0,0.4067796610169491,0.5833333333333334,25,2,0.9928571428571429,0.008333333333333333,1.0,28.0
EQX1054,Grader,4,0,False,0,0.7499999999999999,0.26666666666666666,29,3,0.7974979822437449,0.20000000000000004,0.4067796610169491,27.0
EQX1054,Grader,5,26,False,1,0.53125,0.5,23,4,0.7856234866828087,0.21666666666666667,0.7499999999999999,27.5
EQX1054,Grader,6,1,False,0,0.6969696969696969,0.3333333333333333,26,5,0.734748789346247,0.2733333333333333,0.53125,26.6
EQX1054,Grader,7,103,True,,0.6701030927835052,0.5333333333333333,26,6,0.7284522739501553,0.2833333333333333,0.6969696969696969,26.5
EQX1055,Grader,1,0,False,0,0.1935483870967742,0.8333333333333334,25,0,,,,
EQX1055,Grader,2,2,False,0,0.24637681159420288,0.8666666666666667,27,1,0.1935483870967742,0.8333333333333334,0.1935483870967742,25.0
EQX1055,Grader,3,2,False,0,0.28378378378378377,0.8833333333333333,26,2,0.21996259934548854,0.8500000000000001,0.24637681159420288,26.0
EQX1055,Grader,4,2,False,0,0.9318181818181819,0.09999999999999999,15,3,0.24123632749158697,0.8611111111111112,0.28378378378378377,26.0
EQX1055,Grader,5,4,False,0,0.51,0.8166666666666668,24,4,0.4138817910732357,0.6708333333333334,0.9318181818181819,23.25
EQX1055,Grader,6,0,False,0,0.27419354838709675,0.75,23,5,0.43310543285858855,0.7,0.51,23.4
EQX1055,Grader,7,6,False,0,0.04838709677419355,0.9833333333333334,15,6,0.40662011878000665,0.7083333333333334,0.27419354838709675,23.333333333333332
EQX1055,Grader,8,6,False,0,0.13432835820895522,0.9666666666666667,18,7,0.35544397277917616,0.7476190476190476,0.04838709677419355,22.142857142857142
EQX1055,Grader,9,16,False,1,0.897196261682243,0.18333333333333335,24,8,0.3278045209578985,0.775,0.13432835820895522,21.625
EQX1055,Grader,10,2,False,0,0.18055555555555555,0.9833333333333334,11,9,0.3910702699272701,0.7092592592592593,0.897196261682243,21.88888888888889
EQX1055,Grader,11,10,False,0,0.3538461538461538,0.7000000000000001,21,10,0.37001879849009867,0.7366666666666667,0.18055555555555555,20.8
EQX1055,Grader,12,3,False,0,0.12307692307692308,0.9500000000000001,26,11,0.36854855806792186,0.7333333333333333,0.3538461538461538,20.818181818181817
EQX1055,Grader,13,6,False,0,0.234375,0.8166666666666668,15,12,0.3480925884853387,0.751388888888889,0.12307692307692308,21.25
EQX1055,Grader,14,1,True,,0.09999999999999999,0.9,15,13,0.33934508167877414,0.7564102564102565,0.234375,20.76923076923077
EQX1056,Bulldozer,1,0,False,0,0.8023255813953489,0.2125,26,0,,,,
EQX1056,Bulldozer,2,2,False,0,0.9333333333333333,0.075,26,1,0.8023255813953489,0.2125,0.8023255813953489,26.0
EQX1056,Bulldozer,3,52,False,1,0.9012345679012346,0.1,27,2,0.8678294573643411,0.14375,0.9333333333333333,26.0
EQX1056,Bulldozer,4,12,False,0,0.9662921348314606,0.0375,21,3,0.8789644942099724,0.12916666666666668,0.9012345679012346,26.333333333333332
EQX1056,Bulldozer,5,4,False,0,0.7111111111111111,0.325,19,4,0.9007964043653444,0.10625,0.9662921348314606,25.0
EQX1056,Bulldozer,6,1,False,0,0.6236559139784945,0.4375,15,5,0.8628593457144976,0.15,0.7111111111111111,23.8
EQX1056,Bulldozer,7,2,False,0,0.8888888888888888,0.1625,21,6,0.8229921070918306,0.19791666666666666,0.6236559139784945,22.333333333333332
EQX1056,Bulldozer,8,8,False,0,0.6590909090909091,0.375,26,7,0.8324059330628388,0.19285714285714287,0.8888888888888888,22.142857142857142
EQX1056,Bulldozer,9,32,False,1,0.8470588235294118,0.1625,11,8,0.8107415550663476,0.215625,0.6590909090909091,22.625
EQX1056,Bulldozer,10,32,True,,1.0,0.0,15,9,0.8147768071177992,0.20972222222222223,0.8470588235294118,21.333333333333332
EQX1057,Bulldozer,1,22,False,1,0.6829268292682927,0.325,23,0,,,,
EQX1057,Bulldozer,2,50,False,1,1.0,0.0,20,1,0.6829268292682927,0.325,0.6829268292682927,23.0
EQX1057,Bulldozer,3,20,False,1,0.891566265060241,0.1125,10,2,0.8414634146341464,0.1625,1.0,21.5
EQX1057,Bulldozer,4,55,False,1,0.9340659340659341,0.075,20,3,0.858164364776178,0.14583333333333334,0.891566265060241,17.666666666666668
EQX1057,Bulldozer,5,17,False,1,0.8677685950413223,0.2,11,4,0.877139757098617,0.128125,0.9340659340659341,18.25
EQX1057,Bulldozer,6,27,False,1,0.8414634146341463,0.1625,16,5,0.875265524687158,0.14250000000000002,0.8677685950413223,16.8
EQX1057,Bulldozer,7,1,False,0,0.6190476190476191,0.4,10,6,0.8696318396783228,0.14583333333333334,0.8414634146341463,16.666666666666668
EQX1057,Bulldozer,8,25,False,1,0.8333333333333334,0.1875,11,7,0.8338340938739365,0.18214285714285713,0.6190476190476191,15.714285714285714
EQX1057,Bulldozer,9,8,True,,0.8314606741573034,0.1875,20,8,0.8337714988063611,0.1828125,0.8333333333333334,15.125
EQX1058,Crane,1,17,False,1,0.6363636363636364,0.4,12,0,,,,
EQX1058,Crane,2,45,False,1,1.0,0.0,15,1,0.6363636363636364,0.4,0.6363636363636364,12.0
EQX1058,Crane,3,3,False,0,0.979591836734694,0.02,25,2,0.8181818181818181,0.2,1.0,13.5
EQX1058,Crane,4,24,False,1,1.0,0.0,23,3,0.8719851576994434,0.14,0.979591836734694,17.333333333333332
EQX1058,Crane,5,33,False,1,0.7704918032786886,0.27999999999999997,13,4,0.9039888682745826,0.10500000000000001,1.0,18.75
EQX1058,Crane,6,2,False,0,0.8518518518518519,0.16,14,5,0.8772894552754037,0.13999999999999999,0.7704918032786886,17.6
EQX1058,Crane,7,18,False,1,0.7543859649122807,0.27999999999999997,18,6,0.8730498547048118,0.14333333333333334,0.8518518518518519,17.0
EQX1058,Crane,8,28,False,1,0.9615384615384615,0.04,27,7,0.856097870448736,0.16285714285714287,0.7543859649122807,17.142857142857142
EQX1058,Crane,9,25,True,,0.6909090909090909,0.33999999999999997,27,8,0.8692779443349516,0.1475,0.9615384615384615,18.375
EQX1059,Crane,1,38,False,1,0.7605633802816901,0.33999999999999997,24,0,,,,
EQX1059,Crane,2,43,False,1,0.9411764705882353,0.06,29,1,0.7605633802816901,0.33999999999999997,0.7605633802816901,24.0
EQX1059,Crane,3,1,False,0,0.6666666666666667,0.33999999999999997,11,2,0.8508699254349628,0.19999999999999998,0.9411764705882353,26.5
EQX1059,Crane,4,141,False,1,0.72,0.27999999999999997,17,3,0.789468839178864,0.24666666666666667,0.6666666666666667,21.333333333333332
EQX1059,Crane,5,2,False,0,0.509090909090909,0.54,20,4,0.7721016293841481,0.255,0.72,20.25
EQX1059,Crane,6,54,True,,1.0,0.0,15,5,0.7194994853255002,0.312,0.509090909090909,20.2
EQX1060,Bulldozer,1,6,False,0,0.7126436781609197,0.3125,19,0,,,,
EQX1060,Bulldozer,2,7,False,0,0.7444444444444445,0.2875,13,1,0.7126436781609197,0.3125,0.7126436781609197,19.0
EQX1060,Bulldozer,3,10,False,0,1.0,0.0,20,2,0.7285440613026821,0.3,0.7444444444444445,16.0
EQX1060,Bulldozer,4,14,False,1,1.0,0.0,18,3,0.8190293742017881,0.19999999999999998,1.0,17.333333333333332
EQX1060,Bulldozer,5,18,False,1,0.9195402298850576,0.0875,19,4,0.8642720306513411,0.15,1.0,17.5
EQX1060,Bulldozer,6,4,False,0,0.8117647058823529,0.2,26,5,0.8753256704980844,0.1375,0.9195402298850576,17.8
EQX1060,Bulldozer,7,30,False,1,0.7471264367816093,0.275,27,6,0.8647321763954624,0.14791666666666667,0.8117647058823529,19.166666666666668
EQX1060,Bulldozer,8,0,False,0,0.7590361445783131,0.25,29,7,0.8479313564506263,0.1660714285714286,0.7471264367816093,20.285714285714285
EQX1060,Bulldozer,9,28,False,1,0.494949494949495,0.625,20,8,0.8368194549665872,0.1765625,0.7590361445783131,21.375
EQX1060,Bulldozer,10,10,True,,0.8095238095238095,0.15,22,9,0.7988339038535769,0.2263888888888889,0.494949494949495,21.22222222222222
EQX1061,Crane,1,30,False,1,0.36507936507936506,0.8,27,0,,,,
EQX1061,Crane,2,0,False,0,0.08771929824561403,1.04,14,1,0.36507936507936506,0.8,0.36507936507936506,27.0
EQX1061,Crane,3,13,False,0,0.3035714285714286,0.78,28,2,0.22639933166248954,0.92,0.08771929824561403,20.5
EQX1061,Crane,4,18,False,1,0.359375,0.82,21,3,0.25212336396546925,0.8733333333333334,0.3035714285714286,23.0
EQX1061,Crane,5,10,False,0,0.2542372881355932,0.8800000000000001,24,4,0.27893627297410195,0.86,0.359375,22.5
EQX1061,Crane,6,42,False,1,0.45454545454545453,0.6,11,5,0.27399647600640015,0.8640000000000001,0.2542372881355932,22.8
EQX1061,Crane,7,1,False,0,0.4912280701754386,0.58,12,6,0.3040879724295759,0.82,0.45454545454545453,20.833333333333332
EQX1061,Crane,8,17,False,1,1.0,0.0,12,7,0.3308222721075563,0.7857142857142857,0.4912280701754386,19.571428571428573
EQX1061,Crane,9,5,False,0,0.34426229508196726,0.8,14,8,0.41446948809411177,0.6875,1.0,18.625
EQX1061,Crane,10,30,True,,0.21568627450980396,0.8,18,9,0.4066686888705402,0.7,0.34426229508196726,18.11111111111111
EQX1062,Grader,1,9,False,0,0.20833333333333331,0.9500000000000001,21,0,,,,
EQX1062,Grader,2,0,False,0,0.34426229508196726,0.6666666666666666,11,1,0.20833333333333331,0.9500000000000001,0.20833333333333331,21.0
EQX1062,Grader,3,3,False,0,0.3333333333333333,0.7666666666666666,20,2,0.2762978142076503,0.8083333333333333,0.34426229508196726,16.0
EQX1062,Grader,4,13,False,0,0.2903225806451613,0.7333333333333334,14,3,0.2953096539162113,0.7944444444444444,0.3333333333333333,17.333333333333332
EQX1062,Grader,5,2,False,0,1.0,0.0,24,4,0.2940628855984488,0.7791666666666667,0.2903225806451613,16.5
EQX1062,Grader,6,4,False,0,0.7972972972972973,0.25,19,5,0.43525030847875906,0.6233333333333333,1.0,18.0
EQX1062,Grader,7,8,False,0,0.35000000000000003,0.65,28,6,0.4955914732818487,0.5611111111111111,0.7972972972972973,18.166666666666668
EQX1062,Grader,8,2,False,0,0.12903225806451613,0.9,26,7,0.47479269138444175,0.5738095238095238,0.35000000000000003,19.571428571428573
EQX1062,Grader,9,20,False,1,0.23529411764705882,0.8666666666666667,15,8,0.43157263721945105,0.6145833333333334,0.12903225806451613,20.375
EQX1062,Grader,10,31,False,1,0.38461538461538464,0.6666666666666666,12,9,0.40976391282251856,0.6425925925925926,0.23529411764705882,19.77777777777778
EQX1062,Grader,11,58,False,1,0.5194805194805194,0.6166666666666667,11,10,0.4072490600018052,0.645,0.38461538461538464,19.0
EQX1062,Grader,12,7,True,,0.24590163934426232,0.7666666666666666,12,11,0.4174519199544156,0.6424242424242425,0.5194805194805194,18.272727272727273
EQX1063,Excavator,1,7,False,0,0.02531645569620253,0.9625,25,0,,,,
EQX1063,Excavator,2,2,False,0,0.05063291139240506,0.9375,16,1,0.02531645569620253,0.9625,0.02531645569620253,25.0
EQX1063,Excavator,3,15,False,1,1.0,0.0,28,2,0.0379746835443038,0.95,0.05063291139240506,20.5
EQX1063,Excavator,4,3,False,0,0.47826086956521746,0.6,9,3,0.35864978902953587,0.6333333333333333,1.0,23.0
EQX1063,Excavator,5,1,False,0,0.23255813953488372,0.825,12,4,0.38855255916345627,0.625,0.47826086956521746,19.5
EQX1063,Excavator,6,25,False,1,0.0,0.9875,24,5,0.35735367523774175,0.665,0.23255813953488372,18.0
EQX1063,Excavator,7,3,False,0,0.26666666666666666,0.825,16,6,0.2977947293647848,0.71875,0.0,19.0
EQX1063,Excavator,8,4,False,0,0.4117647058823529,0.625,18,7,0.29334786326505363,0.7339285714285715,0.26666666666666666,18.571428571428573
EQX1063,Excavator,9,0,False,0,0.6086956521739131,0.5625,24,8,0.30814996859221605,0.7203125,0.4117647058823529,18.5
EQX1063,Excavator,10,19,False,1,0.09756097560975609,0.925,26,9,0.34154393343462686,0.7027777777777778,0.6086956521739131,19.11111111111111
EQX1063,Excavator,11,7,False,0,0.3647058823529412,0.675,11,10,0.31714563765213977,0.725,0.09756097560975609,19.8
EQX1063,Excavator,12,0,False,0,0.09090909090909091,1.0,22,11,0.32146929626130355,0.7204545454545455,0.3647058823529412,19.0
EQX1063,Excavator,13,4,False,0,0.5196078431372549,0.6125,12,12,0.3022559458152858,0.74375,0.09090909090909091,19.25
EQX1063,Excavator,14,4,True,,0.29411764705882354,0.75,27,13,0.31897532253236033,0.7336538461538461,0.5196078431372549,18.692307692307693
EQX1064,Bulldozer,1,7,False,0,0.7528089887640449,0.275,22,0,,,,
EQX1064,Bulldozer,2,9,False,0,0.6395348837209303,0.3875,24,1,0.7528089887640449,0.275,0.7528089887640449,22.0
EQX1064,Bulldozer,3,26,False,1,0.5875,0.4125,28,2,0.6961719362424876,0.33125000000000004,0.6395348837209303,23.0
EQX1064,Bulldozer,4,5,False,0,0.9245283018867924,0.1,10,3,0.6599479574949917,0.35833333333333334,0.5875,24.666666666666668
EQX1064,Bulldozer,5,151,False,1,0.6046511627906977,0.425,21,4,0.7260930435929419,0.29375,0.9245283018867924,21.0
EQX1064,Bulldozer,6,12,False,0,0.5851063829787234,0.4875,10,5,0.701804667432493,0.32,0.6046511627906977,21.0
EQX1064,Bulldozer,7,20,True,,0.5833333333333334,0.4375,14,6,0.6823549533568648,0.34791666666666665,0.5851063829787234,19.166666666666668
EQX1065,Excavator,1,12,False,0,0.4444444444444444,0.625,13,0,,,,
EQX1065,Excavator,2,10,False,0,0.8677685950413223,0.2,20,1,0.4444444444444444,0.625,0.4444444444444444,13.0
EQX1065,Excavator,3,1,False,0,0.4069767441860465,0.6375,16,2,0.6561065197428834,0.4125,0.8677685950413223,16.5
EQX1065,Excavator,4,8,False,0,0.3924050632911392,0.6,20,3,0.5730632612239378,0.4875,0.4069767441860465,16.333333333333332
EQX1065,Excavator,5,5,False,0,0.47191011235955055,0.5875,16,4,0.5278987117407381,0.515625,0.3924050632911392,17.25
EQX1065,Excavator,6,36,False,1,0.2954545454545454,0.775,25,5,0.5167009918645006,0.53,0.47191011235955055,17.0
EQX1065,Excavator,7,5,False,0,0.4285714285714286,0.65,22,6,0.4798265841295081,0.5708333333333333,0.2954545454545454,18.333333333333332
EQX1065,Excavator,8,0,False,0,0.5121951219512195,0.5,29,7,0.4725044190497824,0.5821428571428572,0.4285714285714286,18.857142857142858
EQX1065,Excavator,9,20,False,1,0.511904761904762,0.5125,19,8,0.47746575691246207,0.571875,0.5121951219512195,20.125
EQX1065,Excavator,10,50,True,,0.5057471264367817,0.5375,18,9,0.4812923130227176,0.5652777777777778,0.511904761904762,20.0
EQX1066,Excavator,1,21,False,1,0.46590909090909083,0.5875,20,0,,,,
EQX1066,Excavator,2,8,False,0,0.6987951807228915,0.3125,24,1,0.46590909090909083,0.5875,0.46590909090909083,20.0
EQX1066,Excavator,3,7,False,0,0.5,0.525,28,2,0.5823521358159911,0.45,0.6987951807228915,22.0
EQX1066,Excavator,4,66,False,1,0.9344262295081966,0.1,10,3,0.5549014238773274,0.47500000000000003,0.5,24.0
EQX1066,Excavator,5,22,False,1,0.5164835164835164,0.55,22,4,0.6497826252850447,0.38125000000000003,0.9344262295081966,20.5
EQX1066,Excavator,6,3,False,0,0.36363636363636365,0.7,26,5,0.623122803524739,0.41500000000000004,0.5164835164835164,20.8
EQX1066,Excavator,7,4,False,0,0.6304347826086957,0.425,16,6,0.5798750635433432,0.46249999999999997,0.36363636363636365,21.666666666666668
EQX1066,Excavator,8,0,False,0,0.5056179775280899,0.55,15,7,0.5870978805526793,0.4571428571428572,0.6304347826086957,20.857142857142858
EQX1066,Excavator,9,7,False,0,0.5180722891566264,0.5,13,8,0.5769128926746055,0.46875,0.5056179775280899,20.125
EQX1066,Excavator,10,29,True,,0.8072289156626505,0.2,16,9,0.5703750478392746,0.4722222222222222,0.5180722891566264,19.333333333333332
EQX1067,Crane,1,20,False,1,0.3846153846153846,0.64,12,0,,,,
EQX1067,Crane,2,7,False,0,0.16363636363636364,0.9199999999999999,15,1,0.3846153846153846,0.64,0.3846153846153846,12.0
EQX1067,Crane,3,9,False,0,0.03636363636363637,1.06,25,2,0.2741258741258741,0.78,0.16363636363636364,13.5
EQX1067,Crane,4,5,False,0,0.4210526315789474,0.6599999999999999,11,3,0.19487179487179485,0.8733333333333334,0.03636363636363637,17.333333333333332
EQX1067,Crane,5,12,False,0,0.48333333333333334,0.62,26,4,0.251417004048583,0.8200000000000001,0.4210526315789474,15.75
EQX1067,Crane,6,2,False,0,0.07692307692307693,0.96,20,5,0.29780026990553304,0.78,0.48333333333333334,17.8
EQX1067,Crane,7,23,False,1,0.49090909090909096,0.5599999999999999,10,6,0.260987404408457,0.81,0.07692307692307693,18.166666666666668
EQX1067,Crane,8,3,False,0,0.38,0.62,15,7,0.29383335962283336,0.7742857142857142,0.49090909090909096,17.0
EQX1067,Crane,9,14,False,1,0.5081967213114754,0.6,15,8,0.30460418966997915,0.755,0.38,16.75
EQX1067,Crane,10,0,False,0,0.28571428571428575,0.8,15,9,0.32722558207458985,0.7377777777777778,0.5081967213114754,16.555555555555557
EQX1067,Crane,11,4,False,0,0.18181818181818182,0.9,13,10,0.3230744524385595,0.744,0.28571428571428575,16.4
EQX1067,Crane,12,4,False,0,0.20689655172413793,0.9199999999999999,25,11,0.3102329732912524,0.7581818181818182,0.18181818181818182,16.09090909090909
EQX1067,Crane,13,18,False,1,0.2115384615384616,0.82,20,12,0.3016216048273262,0.7716666666666666,0.20689655172413793,16.833333333333332
EQX1067,Crane,14,0,True,,0.29411764705882354,0.72,13,13,0.2946921322666443,0.7753846153846153,0.2115384615384616,17.076923076923077
EQX1068,Bulldozer,1,20,False,1,0.9875,0.0125,21,0,,,,
EQX1068,Bulldozer,2,5,False,0,0.9102564102564102,0.0875,16,1,0.9875,0.0125,0.9875,21.0
EQX1068,Bulldozer,3,156,False,1,0.8913043478260869,0.125,26,2,0.9488782051282052,0.049999999999999996,0.9102564102564102,18.5
EQX1068,Bulldozer,4,28,False,1,0.9550561797752809,0.05,19,3,0.9296869193608325,0.075,0.8913043478260869,21.0
EQX1068,Bulldozer,5,9,False,0,0.9883720930232559,0.0125,29,4,0.9360292344644445,0.06875,0.9550561797752809,20.5
EQX1068,Bulldozer,6,19,True,,0.6197183098591549,0.3375,26,5,0.9464978061762068,0.057499999999999996,0.9883720930232559,22.2
EQX1069,Crane,1,9,False,0,0.7017543859649122,0.33999999999999997,23,0,,,,
EQX1069,Crane,2,3,False,0,0.673076923076923,0.33999999999999997,28,1,0.7017543859649122,0.33999999999999997,0.7017543859649122,23.0
EQX1069,Crane,3,1,False,0,0.8653846153846153,0.13999999999999999,18,2,0.6874156545209176,0.33999999999999997,0.673076923076923,25.5
EQX1069,Crane,4,23,False,1,0.607843137254902,0.4,26,3,0.7467386414754835,0.2733333333333333,0.8653846153846153,23.0
EQX1069,Crane,5,13,False,0,0.72,0.27999999999999997,29,4,0.7120147654203381,0.305,0.607843137254902,23.75
EQX1069,Crane,6,2,False,0,0.793103448275862,0.24,16,5,0.7136118123362705,0.3,0.72,24.8
EQX1069,Crane,7,6,False,0,0.8392857142857142,0.18,28,6,0.7268604183262024,0.29,0.793103448275862,23.333333333333332
EQX1069,Crane,8,6,False,0,0.8015873015873016,0.5,25,7,0.742921174891847,0.2742857142857143,0.8392857142857142,24.0
EQX1069,Crane,9,18,False,1,1.0,0.0,16,8,0.7502544407287788,0.3025,0.8015873015873016,24.125
EQX1069,Crane,10,37,False,1,1.0,0.0,15,9,0.77800394731447,0.2688888888888889,1.0,23.22222222222222
EQX1069,Crane,11,47,True,,0.9074074074074074,0.1,19,10,0.800203552583023,0.242,1.0,22.4
EQX1070,Bulldozer,1,13,False,0,0.725,0.275,15,0,,,,
EQX1070,Bulldozer,2,3,False,0,0.4157303370786517,0.65,13,1,0.725,0.275,0.725,15.0
EQX1070,Bulldozer,3,26,False,1,0.17073170731707318,0.85,25,2,0.5703651685393258,0.4625,0.4157303370786517,14.0
EQX1070,Bulldozer,4,2,False,0,0.24175824175824173,0.8625,23,3,0.4371540147985749,0.5916666666666667,0.17073170731707318,17.666666666666668
EQX1070,Bulldozer,5,26,False,1,0.5,0.525,16,4,0.38830507153849164,0.659375,0.24175824175824173,19.0
EQX1070,Bulldozer,6,8,False,0,0.3764705882352941,0.6625,21,5,0.41064405723079334,0.6325000000000001,0.5,18.4
EQX1070,Bulldozer,7,6,False,0,0.4302325581395348,0.6125,18,6,0.40494847906487674,0.6375000000000001,0.3764705882352941,18.833333333333332
EQX1070,Bulldozer,8,6,False,0,0.4222222222222222,0.65,29,7,0.4085604903612565,0.6339285714285714,0.4302325581395348,18.714285714285715
EQX1070,Bulldozer,9,6,False,0,0.19767441860465115,0.8625,20,8,0.4102682068438772,0.6359375,0.4222222222222222,20.0
EQX1070,Bulldozer,10,6,False,0,0.36904761904761907,0.6625,24,9,0.38664667481729653,0.6611111111111111,0.19767441860465115,20.0
EQX1070,Bulldozer,11,14,False,1,0.7058823529411765,0.3125,14,10,0.3848867692403288,0.66125,0.36904761904761907,20.4
EQX1070,Bulldozer,12,5,True,,0.5465116279069768,0.4875,25,11,0.41406818594040584,0.6295454545454545,0.7058823529411765,19.818181818181817
EQX1071,Bulldozer,1,10,False,0,0.6296296296296295,0.25,24,0,,,,
EQX1071,Bulldozer,2,10,False,0,0.27906976744186046,0.775,15,1,0.6296296296296295,0.25,0.6296296296296295,24.0
EQX1071,Bulldozer,3,2,False,0,0.10588235294117647,0.95,13,2,0.45434969853574503,0.5125,0.27906976744186046,19.5
EQX1071,Bulldozer,4,20,False,1,0.44705882352941173,0.5875,22,3,0.3381939166708888,0.6583333333333333,0.10588235294117647,17.333333333333332
EQX1071,Bulldozer,5,5,False,0,0.10112359550561797,1.0,9,4,0.3654101433855196,0.640625,0.44705882352941173,18.5
EQX1071,Bulldozer,6,8,False,0,0.23655913978494625,0.8875,14,5,0.31255283380953924,0.7125,0.10112359550561797,16.6
EQX1071,Bulldozer,7,0,False,0,0.38202247191011235,0.6875,18,6,0.2998872181387737,0.7416666666666667,0.23655913978494625,16.166666666666668
EQX1071,Bulldozer,8,4,False,0,0.7355371900826446,0.4,26,7,0.3116208258203935,0.7339285714285715,0.38202247191011235,16.428571428571427
EQX1071,Bulldozer,9,0,False,0,0.27380952380952384,0.7625,9,8,0.3646103713531749,0.6921875,0.7355371900826446,17.625
EQX1071,Bulldozer,10,7,False,0,0.12820512820512822,0.85,17,9,0.35452138829276925,0.7,0.27380952380952384,16.666666666666668
EQX1071,Bulldozer,11,4,False,0,0.26744186046511625,0.7875,14,10,0.33188976228400513,0.7150000000000001,0.12820512820512822,16.7
EQX1071,Bulldozer,12,6,False,0,0.2873563218390805,0.775,25,11,0.3260308621186516,0.7215909090909091,0.26744186046511625,16.454545454545453
EQX1071,Bulldozer,13,1,False,0,0.15853658536585363,0.8625,16,12,0.3228079837620207,0.7260416666666667,0.2873563218390805,17.166666666666668
EQX1071,Bulldozer,14,0,False,0,0.0813953488372093,0.9875,13,13,0.3101717223469309,0.7365384615384615,0.15853658536585363,17.076923076923077
EQX1071,Bulldozer,15,13,False,0,0.07142857142857142,0.975,10,14,0.2938305528105222,0.7544642857142857,0.0813953488372093,16.785714285714285
EQX1071,Bulldozer,16,9,True,,0.0813953488372093,0.9875,20,15,0.2790037540517255,0.7691666666666667,0.07142857142857142,16.333333333333332
EQX1072,Excavator,1,26,False,1,0.6875,0.3125,16,0,,,,
EQX1072,Excavator,2,22,False,1,0.5058823529411764,0.525,20,1,0.6875,0.3125,0.6875,16.0
EQX1072,Excavator,3,41,False,1,1.0,0.0,27,2,0.5966911764705882,0.41875,0.5058823529411764,18.0
EQX1072,Excavator,4,17,False,1,0.7613636363636364,0.2625,24,3,0.7311274509803921,0.2791666666666667,1.0,21.0
EQX1072,Excavator,5,50,False,1,0.550561797752809,0.5,15,4,0.7386864973262032,0.275,0.7613636363636364,21.75
EQX1072,Excavator,6,71,True,,0.8805970149253731,0.2,25,5,0.7010615574115244,0.32,0.550561797752809,20.4
EQX1073,Crane,1,10,False,0,0.6,0.48,16,0,,,,
EQX1073,Crane,2,11,False,0,0.5576923076923077,0.45999999999999996,22,1,0.6,0.48,0.6,16.0
EQX1073,Crane,3,24,False,1,0.6470588235294118,0.36,27,2,0.5788461538461538,0.47,0.5576923076923077,19.0
EQX1073,Crane,4,11,False,0,0.7592592592592593,0.26,15,3,0.6015837104072398,0.4333333333333333,0.6470588235294118,21.666666666666668
EQX1073,Crane,5,6,False,0,0.8253968253968254,0.22000000000000003,12,4,0.6410025976202447,0.39,0.7592592592592593,20.0
EQX1073,Crane,6,4,False,0,0.7446808510638298,0.24,22,5,0.6778814431755608,0.356,0.8253968253968254,18.4
EQX1073,Crane,7,43,False,1,0.6346153846153847,0.38,21,6,0.6890146778236056,0.33666666666666667,0.7446808510638298,19.0
EQX1073,Crane,8,1,False,0,0.6901408450704225,0.44000000000000006,22,7,0.6812433502224312,0.34285714285714286,0.6346153846153847,19.285714285714285
EQX1073,Crane,9,6,False,0,0.6,0.44000000000000006,15,8,0.6823555370784301,0.355,0.6901408450704225,19.625
EQX1073,Crane,10,23,False,1,0.5283018867924528,0.5,9,9,0.6732049218474935,0.36444444444444446,0.6,19.11111111111111
EQX1073,Crane,11,5,False,0,0.9090909090909092,0.22000000000000003,14,10,0.6587146183419894,0.378,0.5283018867924528,18.1
EQX1073,Crane,12,8,True,,0.6346153846153847,0.38,13,11,0.681476099319164,0.36363636363636365,0.9090909090909092,17.727272727272727
EQX1074,Excavator,1,33,False,1,0.39999999999999997,0.7125,18,0,,,,
EQX1074,Excavator,2,11,False,0,0.5238095238095238,0.5,17,1,0.39999999999999997,0.7125,0.39999999999999997,18.0
EQX1074,Excavator,3,4,False,0,0.7125,0.2875,19,2,0.46190476190476193,0.60625,0.5238095238095238,17.5
EQX1074,Excavator,4,6,False,0,0.5274725274725275,0.5375,18,3,0.5454365079365079,0.5,0.7125,18.0
EQX1074,Excavator,5,21,False,1,0.5421686746987951,0.475,10,4,0.5409455128205128,0.509375,0.5274725274725275,18.0
EQX1074,Excavator,6,13,False,0,0.4102564102564103,0.575,27,5,0.5411901451961694,0.5025000000000001,0.5421686746987951,16.4
EQX1074,Excavator,7,11,False,0,0.5625,0.4375,19,6,0.5193678560395428,0.5145833333333333,0.4102564102564103,18.166666666666668
EQX1074,Excavator,8,3,False,0,0.524390243902439,0.4875,14,7,0.5255295908910367,0.5035714285714286,0.5625,18.285714285714285
EQX1074,Excavator,9,0,False,0,0.6296296296296297,0.375,15,8,0.5253871725174619,0.5015625,0.524390243902439,17.75
EQX1074,Excavator,10,2,False,0,0.8051948051948052,0.1875,27,9,0.5369696677521473,0.48750000000000004,0.6296296296296297,17.444444444444443
EQX1074,Excavator,11,12,False,0,0.34523809523809523,0.6875,23,10,0.5637921814964131,0.4575,0.8051948051948052,18.4
EQX1074,Excavator,12,88,True,,0.5,0.5875,22,11,0.5439236282002023,0.47840909090909095,0.34523809523809523,18.818181818181817
EQX1075,Crane,1,40,False,1,0.5535714285714286,0.5,22,0,,,,
EQX1075,Crane,2,10,False,0,0.9411764705882353,0.06,18,1,0.5535714285714286,0.5,0.5535714285714286,22.0
EQX1075,Crane,3,23,False,1,0.6825396825396826,0.4,26,2,0.7473739495798319,0.28,0.9411764705882353,20.0
EQX1075,Crane,4,31,False,1,0.65,0.42000000000000004,19,3,0.7257625272331154,0.32,0.6825396825396826,22.0
EQX1075,Crane,5,0,False,0,0.5238095238095238,0.6,16,4,0.7068218954248366,0.34500000000000003,0.65,21.25
EQX1075,Crane,6,18,False,1,0.603448275862069,0.45999999999999996,14,5,0.670219421101774,0.396,0.5238095238095238,20.2
EQX1075,Crane,7,3,False,0,0.9607843137254901,0.04,26,6,0.6590908968951565,0.4066666666666667,0.603448275862069,19.166666666666668
EQX1075,Crane,8,27,False,1,0.6451612903225806,0.44000000000000006,12,7,0.702189956442347,0.35428571428571426,0.9607843137254901,20.142857142857142
EQX1075,Crane,9,13,False,0,0.44230769230769235,0.58,14,8,0.6950613731773763,0.365,0.6451612903225806,19.125
EQX1075,Crane,10,19,True,,0.8135593220338982,0.22000000000000003,14,9,0.6669776308585225,0.3888888888888889,0.44230769230769235,18.555555555555557
EQX1076,Bulldozer,1,11,False,0,0.6404494382022472,0.4,10,0,,,,
EQX1076,Bulldozer,2,16,False,1,0.46835443037974683,0.525,23,1,0.6404494382022472,0.4,0.6404494382022472,10.0
EQX1076,Bulldozer,3,40,False,1,1.0,0.0,19,2,0.554401934290997,0.4625,0.46835443037974683,16.5
EQX1076,Bulldozer,4,23,False,1,0.5294117647058824,0.5,28,3,0.7029346228606647,0.30833333333333335,1.0,17.333333333333332
EQX1076,Bulldozer,5,19,False,1,0.6086956521739131,0.45,16,4,0.6595539083219691,0.35625,0.5294117647058824,20.0
EQX1076,Bulldozer,6,76,False,1,0.6024096385542168,0.4125,17,5,0.649382257092358,0.375,0.6086956521739131,19.2
EQX1076,Bulldozer,7,29,False,1,0.3181818181818181,0.75,13,6,0.641553487336001,0.38125000000000003,0.6024096385542168,18.833333333333332
EQX1076,Bulldozer,8,2,True,,0.6086956521739131,0.45,20,7,0.5953575345996892,0.43392857142857144,0.3181818181818181,18.0
EQX1077,Crane,1,28,False,1,0.43636363636363634,0.62,22,0,,,,
EQX1077,Crane,2,0,False,0,0.6470588235294118,0.36,24,1,0.43636363636363634,0.62,0.43636363636363634,22.0
EQX1077,Crane,3,60,False,1,0.7076923076923076,0.38,18,2,0.5417112299465241,0.49,0.6470588235294118,23.0
EQX1077,Crane,4,7,False,0,0.9099999999999999,0.18,11,3,0.5970382558617852,0.4533333333333333,0.7076923076923076,21.333333333333332
EQX1077,Crane,5,20,False,1,0.888888888888889,0.12,15,4,0.6752786918963389,0.385,0.9099999999999999,18.75
EQX1077,Crane,6,18,False,1,0.6603773584905661,0.36,18,5,0.7180007312948489,0.33199999999999996,0.888888888888889,18.0
EQX1077,Crane,7,10,False,0,0.6271186440677966,0.44000000000000006,20,6,0.7083968358274685,0.33666666666666667,0.6603773584905661,18.0
EQX1077,Crane,8,30,False,1,0.6666666666666666,0.4,10,7,0.6967856655760868,0.3514285714285714,0.6271186440677966,18.285714285714285
EQX1077,Crane,9,71,True,,0.7068965517241379,0.33999999999999997,17,8,0.6930207907124093,0.3575,0.6666666666666666,17.25
EQX1078,Excavator,1,9,False,0,0.5882352941176471,0.4375,11,0,,,,
EQX1078,Excavator,2,12,False,0,0.48351648351648346,0.5875,20,1,0.5882352941176471,0.4375,0.5882352941176471,11.0
EQX1078,Excavator,3,6,False,0,0.4565217391304348,0.625,28,2,0.5358758888170653,0.5125,0.48351648351648346,15.5
EQX1078,Excavator,4,8,False,0,0.3977272727272727,0.6625,28,3,0.5094245055881884,0.5499999999999999,0.4565217391304348,19.666666666666668
EQX1078,Excavator,5,12,False,0,0.7023809523809524,0.3125,10,4,0.4815001973729595,0.578125,0.3977272727272727,21.75
EQX1078,Excavator,6,3,False,0,0.5176470588235295,0.5125,28,5,0.5256763483745581,0.525,0.7023809523809524,19.4
EQX1078,Excavator,7,14,False,1,0.4069767441860465,0.6375,22,6,0.5243381334493867,0.5229166666666667,0.5176470588235295,20.833333333333332
EQX1078,Excavator,8,13,False,0,0.7241379310344828,0.3,14,7,0.507572220697481,0.5392857142857143,0.4069767441860465,21.0
EQX1078,Excavator,9,1,False,0,0.2613636363636363,0.8125,18,8,0.5346429344896062,0.509375,0.7241379310344828,20.125
EQX1078,Excavator,10,9,False,0,0.5116279069767441,0.525,20,9,0.504278568031165,0.5430555555555556,0.2613636363636363,19.88888888888889
EQX1078,Excavator,11,4,False,0,1.0,0.0,18,10,0.5050135019257229,0.54125,0.5116279069767441,19.9
EQX1078,Excavator,12,5,False,0,1.0,0.0,28,11,0.55001227447793,0.4920454545454545,1.0,19.727272727272727
EQX1078,Excavator,13,13,True,,0.3292682926829269,0.6875,20,12,0.5875112516047691,0.4510416666666666,1.0,20.416666666666668
EQX1079,Excavator,1,4,False,0,0.4302325581395348,0.6125,28,0,,,,
EQX1079,Excavator,2,4,False,0,0.14285714285714285,0.9,10,1,0.4302325581395348,0.6125,0.4302325581395348,28.0
EQX1079,Excavator,3,5,False,0,0.18987341772151897,0.8,21,2,0.28654485049833883,0.7562500000000001,0.14285714285714285,19.0
EQX1079,Excavator,4,0,False,0,0.2,0.8,19,3,0.2543210395727322,0.7708333333333334,0.18987341772151897,19.666666666666668
EQX1079,Excavator,5,9,False,0,0.12359550561797754,0.975,10,4,0.24074077967954916,0.7781250000000001,0.2,19.5
EQX1079,Excavator,6,3,False,0,0.3932584269662921,0.675,17,5,0.21731172486723485,0.8175000000000001,0.12359550561797754,17.6
EQX1079,Excavator,7,12,False,0,0.16470588235294117,0.8875,27,6,0.2466361752170777,0.7937500000000001,0.3932584269662921,17.5
EQX1079,Excavator,8,7,False,0,0.29787234042553196,0.825,9,7,0.2349318476650582,0.8071428571428572,0.16470588235294117,18.857142857142858
EQX1079,Excavator,9,9,False,0,0.3684210526315789,0.75,12,8,0.24279940926011742,0.809375,0.29787234042553196,17.625
EQX1079,Excavator,10,18,False,1,0.023529411764705882,1.0375,10,9,0.2567573696347243,0.8027777777777777,0.3684210526315789,17.0
EQX1079,Excavator,11,2,False,0,0.8739495798319328,0.1875,21,10,0.23343457384772243,0.8262499999999999,0.023529411764705882,16.3
EQX1079,Excavator,12,10,False,0,0.20652173913043478,0.9125,20,11,0.2916632107553779,0.7681818181818181,0.8739495798319328,16.727272727272727
EQX1079,Excavator,13,15,False,1,0.056818181818181816,1.0375,23,12,0.284568088119966,0.7802083333333334,0.20652173913043478,17.0
EQX1079,Excavator,14,2,True,,0.3222222222222222,0.7625,28,13,0.2670488645582903,0.8,0.056818181818181816,17.46153846153846
EQX1080,Crane,1,13,False,0,0.5833333333333334,0.5,25,0,,,,
EQX1080,Crane,2,18,False,1,0.3518518518518518,0.7,13,1,0.5833333333333334,0.5,0.5833333333333334,25.0
EQX1080,Crane,3,21,False,1,0.4444444444444444,0.6,13,2,0.46759259259259256,0.6,0.3518518518518518,19.0
EQX1080,Crane,4,38,False,1,0.19607843137254904,0.82,14,3,0.45987654320987653,0.6,0.4444444444444444,17.0
EQX1080,Crane,5,8,False,0,0.2641509433962264,0.78,11,4,0.39392701525054463,0.655,0.19607843137254904,16.25
EQX1080,Crane,6,3,False,0,0.26785714285714285,0.82,17,5,0.367971800879681,0.6799999999999999,0.2641509433962264,15.2
EQX1080,Crane,7,12,False,0,0.2333333333333333,0.9199999999999999,20,6,0.35128602454259134,0.7033333333333333,0.26785714285714285,15.5
EQX1080,Crane,8,30,False,1,0.5263157894736842,0.54,28,7,0.33443564008412585,0.7342857142857142,0.2333333333333333,16.142857142857142
EQX1080,Crane,9,1,False,0,0.5098039215686275,0.5,18,8,0.3584206587578207,0.71,0.5263157894736842,17.625
EQX1080,Crane,10,6,False,0,0.5423728813559322,0.54,13,9,0.37524102129235476,0.6866666666666666,0.5098039215686275,17.666666666666668
EQX1080,Crane,11,21,True,,0.603448275862069,0.45999999999999996,27,10,0.3919542072987125,0.6719999999999999,0.5423728813559322,17.2
EQX1081,Crane,1,3,False,0,0.4098360655737705,0.72,24,0,,,,
EQX1081,Crane,2,32,False,1,1.0,0.0,26,1,0.4098360655737705,0.72,0.4098360655737705,24.0
EQX1081,Crane,3,9,False,0,0.22448979591836735,0.76,11,2,0.7049180327868853,0.36,1.0,25.0
EQX1081,Crane,4,1,False,0,0.6101694915254237,0.9199999999999999,24,3,0.544775287164046,0.49333333333333335,0.22448979591836735,20.333333333333332
EQX1081,Crane,5,6,False,0,0.24528301886792456,0.8,19,4,0.5611238382543904,0.6,0.6101694915254237,21.25
EQX1081,Crane,6,15,False,1,0.21568627450980396,0.8,17,5,0.49795567437709726,0.64,0.24528301886792456,20.8
EQX1081,Crane,7,0,False,0,0.2631578947368421,0.8400000000000001,22,6,0.45091077439921506,0.6666666666666666,0.21568627450980396,20.166666666666668
EQX1081,Crane,8,0,False,0,0.27450980392156865,0.74,13,7,0.4240889344474475,0.6914285714285714,0.2631578947368421,20.428571428571427
EQX1081,Crane,9,3,False,0,0.23076923076923075,0.8,16,8,0.4053915431317126,0.6975,0.27450980392156865,19.5
EQX1081,Crane,10,0,False,0,0.25925925925925924,0.8,12,9,0.38598906398032573,0.7088888888888889,0.23076923076923075,19.11111111111111
EQX1081,Crane,11,6,False,0,0.23529411764705882,0.78,12,10,0.3733160835082191,0.718,0.25925925925925924,18.4
EQX1081,Crane,12,34,False,1,0.32,0.6799999999999999,29,11,0.36076863206629545,0.7236363636363636,0.23529411764705882,17.818181818181817
EQX1081,Crane,13,5,False,0,0.3518518518518518,0.7,9,12,0.3573712460607708,0.7200000000000001,0.32,18.75
EQX1081,Crane,14,4,True,,1.0,0.0,9,13,0.3569466772754693,0.7184615384615385,0.3518518518518518,18.0
