customer_id,cutoff_k,n_rentals_total,has_future_window,label,n_rentals,overdue_freq,penalty_rate,unpaid_penalty_rate,avg_idle_ratio,recent_overdue_freq
CUST01,1,40,True,0,1,0.0,0.0,0.0,0.3068181818181818,0.0
CUST01,2,40,True,0,2,0.0,0.0,0.0,0.39745670995671,0.0
CUST01,3,40,True,0,3,0.0,0.0,0.0,0.5013347763347764,0.0
CUST01,4,40,True,0,4,0.0,0.0,0.0,0.5565566378066379,0.0
CUST01,5,40,True,0,5,0.0,0.0,0.0,0.4839549876646651,0.0
CUST01,6,40,True,0,6,0.0,0.0,0.0,0.46414238390044843,0.0
CUST01,7,40,True,0,7,0.0,0.0,0.0,0.5019179617105884,0.0
CUST01,8,40,True,0,8,0.0,0.0,0.0,0.5191200769618811,0.0
CUST01,9,40,True,0,9,0.0,0.0,0.0,0.4930057249762176,0.0
CUST01,10,40,True,0,10,0.0,0.0,0.0,0.49153123943511756,0.0
CUST01,11,40,True,0,11,0.0,0.0,0.0,0.49446562892369994,0.0
CUST01,12,40,True,0,12,0.0,0.0,0.0,0.48224566709310174,0.0
CUST01,13,40,True,0,13,0.0,0.0,0.0,0.4757442521418841,0.0
CUST01,14,40,True,0,14,0.0,0.0,0.0,0.49051535431315546,0.0
CUST01,15,40,True,0,15,0.0,0.0,0.0,0.48932948220742994,0.0
CUST01,16,40,True,0,16,0.0,0.0,0.0,0.49981781814089415,0.0
CUST01,17,40,True,0,17,0.0,0.0,0.0,0.49434498536889737,0.0
CUST01,18,40,True,0,18,0.0,0.0,0.0,0.4970018569983361,0.0
CUST01,19,40,True,0,19,0.0,0.0,0.0,0.49806709501475765,0.0
CUST01,20,40,True,0,20,0.0,0.0,0.0,0.4817351688354483,0.0
CUST01,21,40,True,0,21,0.0,0.0,0.0,0.491216878120893,0.0
CUST01,22,40,True,0,22,0.0,0.0,0.0,0.4924182499710128,0.0
CUST01,23,40,True,0,23,0.0,0.0,0.0,0.5105739782331427,0.0
CUST01,24,40,True,0,24,0.0,0.0,0.0,0.5062574268145138,0.0
CUST01,25,40,True,0,25,0.0,0.0,0.0,0.5069595106943142,0.0
CUST01,26,40,True,0,26,0.0,0.0,0.0,0.4923920344447301,0.0
CUST01,27,40,True,0,27,0.0,0.0,0.0,0.5111923294652957,0.0
CUST01,28,40,True,0,28,0.0,0.0,0.0,0.5272491860460169,0.0
CUST01,29,40,True,0,29,0.0,0.0,0.0,0.5308467640226515,0.0
CUST01,30,40,True,0,30,0.0,0.0,0.0,0.5186245087044835,0.0
CUST01,31,40,True,0,31,0.0,0.0,0.0,0.5227063403695835,0.0
CUST01,32,40,True,1,32,0.0,0.0,0.0,0.511326035525717,0.0
CUST01,33,40,True,1,33,0.0,0.0,0.0,0.5115888829340286,0.0
CUST01,34,40,True,1,34,0.0,0.0,0.0,0.5010286914618911,0.0
CUST01,35,40,True,1,35,0.0,0.0,0.0,0.4965775315697827,0.0
CUST01,36,40,False,,36,0.0,0.0,0.0,0.49917715387135064,0.0
CUST01,37,40,False,,37,0.02702702702702703,0.02702702702702703,1.0,0.49972933466232106,0.2
CUST01,38,40,False,,38,0.02631578947368421,0.02631578947368421,1.0,0.49211872890250924,0.2
CUST01,39,40,False,,39,0.02564102564102564,0.02564102564102564,1.0,0.4990515820075731,0.2
CUST01,40,40,False,,40,0.025,0.025,1.0,0.4977360067430981,0.2
CUST02,1,46,True,0,1,0.0,0.0,0.0,0.35802469135802467,0.0
CUST02,2,46,True,0,2,0.0,0.0,0.0,0.470679012345679,0.0
CUST02,3,46,True,0,3,0.0,0.0,0.0,0.4495884773662551,0.0
CUST02,4,46,True,0,4,0.0,0.0,0.0,0.4232569317951832,0.0
CUST02,5,46,True,0,5,0.0,0.0,0.0,0.5274944343250355,0.0
CUST02,6,46,True,0,6,0.0,0.0,0.0,0.6062453619375295,0.0
CUST02,7,46,True,0,7,0.0,0.0,0.0,0.5959935614636953,0.0
CUST02,8,46,True,0,8,0.0,0.0,0.0,0.5495116076600437,0.0
CUST02,9,46,True,0,9,0.0,0.0,0.0,0.5780070011704534,0.0
CUST02,10,46,True,0,10,0.0,0.0,0.0,0.559095189942297,0.0
CUST02,11,46,True,0,11,0.0,0.0,0.0,0.5642937244718557,0.0
CUST02,12,46,True,0,12,0.0,0.0,0.0,0.5757108058740928,0.0
CUST02,13,46,True,0,13,0.0,0.0,0.0,0.5656133934564276,0.0
CUST02,14,46,True,0,14,0.0,0.0,0.0,0.575761887330419,0.0
CUST02,15,46,True,0,15,0.0,0.0,0.0,0.6014803256109552,0.0
CUST02,16,46,True,0,16,0.0,0.0,0.0,0.624128769115692,0.0
CUST02,17,46,True,0,17,0.0,0.0,0.0,0.6052406240518456,0.0
CUST02,18,46,True,0,18,0.0,0.0,0.0,0.6271717004934098,0.0
CUST02,19,46,True,0,19,0.0,0.0,0.0,0.6117065232744584,0.0
CUST02,20,46,True,0,20,0.0,0.0,0.0,0.5886683669220563,0.0
CUST02,21,46,True,0,21,0.0,0.0,0.0,0.5770569011737153,0.0
CUST02,22,46,True,0,22,0.0,0.0,0.0,0.5849179511203646,0.0
CUST02,23,46,True,0,23,0.0,0.0,0.0,0.5910084749846966,0.0
CUST02,24,46,True,0,24,0.0,0.0,0.0,0.6036893234107218,0.0
CUST02,25,46,True,0,25,0.0,0.0,0.0,0.6007182210625283,0.0
CUST02,26,46,True,0,26,0.0,0.0,0.0,0.5980463664062772,0.0
CUST02,27,46,True,0,27,0.0,0.0,0.0,0.5991137480816666,0.0
CUST02,28,46,True,0,28,0.0,0.0,0.0,0.6031136539041467,0.0
CUST02,29,46,True,0,29,0.0,0.0,0.0,0.5992927586766827,0.0
CUST02,30,46,True,0,30,0.0,0.0,0.0,0.5884433175144442,0.0
CUST02,31,46,True,0,31,0.0,0.0,0.0,0.5702202882967107,0.0
CUST02,32,46,True,0,32,0.0,0.0,0.0,0.568282051828422,0.0
CUST02,33,46,True,0,33,0.0,0.0,0.0,0.5813644138942273,0.0
CUST02,34,46,True,0,34,0.0,0.0,0.0,0.5797883363613906,0.0
CUST02,35,46,True,0,35,0.0,0.0,0.0,0.5773516837369365,0.0
CUST02,36,46,True,0,36,0.0,0.0,0.0,0.5678500846788843,0.0
CUST02,37,46,True,0,37,0.0,0.0,0.0,0.5616817754040343,0.0
CUST02,38,46,True,0,38,0.0,0.0,0.0,0.5566124554999181,0.0
CUST02,39,46,True,0,39,0.0,0.0,0.0,0.5625168860230392,0.0
CUST02,40,46,True,0,40,0.0,0.0,0.0,0.5509049442646201,0.0
CUST02,41,46,True,0,41,0.0,0.0,0.0,0.5547096176172913,0.0
CUST02,42,46,False,,42,0.0,0.0,0.0,0.5534070076740225,0.0
CUST02,43,46,False,,43,0.0,0.0,0.0,0.555524157366358,0.0
CUST02,44,46,False,,44,0.0,0.0,0.0,0.5566101034517582,0.0
CUST02,45,46,False,,45,0.0,0.0,0.0,0.5567900096495623,0.0
CUST02,46,46,False,,46,0.0,0.0,0.0,0.5544198180056555,0.0
CUST03,1,42,True,0,1,0.0,0.0,0.0,0.6021505376344085,0.0
CUST03,2,42,True,0,2,0.0,0.0,0.0,0.6817570869990224,0.0
CUST03,3,42,True,0,3,0.0,0.0,0.0,0.672686542847833,0.0
CUST03,4,42,True,0,4,0.0,0.0,0.0,0.5742823489963399,0.0
CUST03,5,42,True,0,5,0.0,0.0,0.0,0.6112331081127346,0.0
CUST03,6,42,True,0,6,0.0,0.0,0.0,0.5786493129403875,0.0
CUST03,7,42,True,0,7,0.0,0.0,0.0,0.5193617487540984,0.0
CUST03,8,42,True,0,8,0.0,0.0,0.0,0.5104116794135674,0.0
CUST03,9,42,True,0,9,0.0,0.0,0.0,0.522075338965906,0.0
CUST03,10,42,True,0,10,0.0,0.0,0.0,0.501211088651405,0.0
CUST03,11,42,True,0,11,0.0,0.0,0.0,0.5426870631840625,0.0
CUST03,12,42,True,0,12,0.0,0.0,0.0,0.5748440936330097,0.0
CUST03,13,42,True,0,13,0.0,0.0,0.0,0.5678048043791885,0.0
CUST03,14,42,True,0,14,0.0,0.0,0.0,0.5544582027058451,0.0
CUST03,15,42,True,0,15,0.0,0.0,0.0,0.5414526558587888,0.0
CUST03,16,42,True,0,16,0.0,0.0,0.0,0.5139320895867155,0.0
CUST03,17,42,True,0,17,0.0,0.0,0.0,0.5238391985037599,0.0
CUST03,18,42,True,0,18,0.0,0.0,0.0,0.5484407245128103,0.0
CUST03,19,42,True,0,19,0.0,0.0,0.0,0.551385718190852,0.0
CUST03,20,42,True,0,20,0.0,0.0,0.0,0.5644046675754272,0.0
CUST03,21,42,True,0,21,0.0,0.0,0.0,0.584612256973922,0.0
CUST03,22,42,True,0,22,0.0,0.0,0.0,0.5946115953455359,0.0
CUST03,23,42,True,0,23,0.0,0.0,0.0,0.5934818499383557,0.0
CUST03,24,42,True,0,24,0.0,0.0,0.0,0.5743504544496306,0.0
CUST03,25,42,True,1,25,0.0,0.0,0.0,0.5565377265942261,0.0
CUST03,26,42,True,1,26,0.0,0.0,0.0,0.5501564678790636,0.0
CUST03,27,42,True,1,27,0.0,0.0,0.0,0.5466153192370781,0.0
CUST03,28,42,True,1,28,0.0,0.0,0.0,0.542130937535002,0.0
CUST03,29,42,True,1,29,0.0,0.0,0.0,0.5421392804253788,0.0
CUST03,30,42,True,1,30,0.03333333333333333,0.03333333333333333,0.0,0.5443931743298988,0.2
CUST03,31,42,True,1,31,0.03225806451612903,0.03225806451612903,0.0,0.5326564769500812,0.2
CUST03,32,42,True,1,32,0.03125,0.03125,0.0,0.5472609620453912,0.2
CUST03,33,42,True,1,33,0.030303030303030304,0.030303030303030304,0.0,0.5561761878814141,0.2
CUST03,34,42,True,1,34,0.029411764705882353,0.029411764705882353,0.0,0.5458922335063852,0.2
CUST03,35,42,True,0,35,0.05714285714285714,0.05714285714285714,0.5,0.5533008784117687,0.2
CUST03,36,42,True,0,36,0.05555555555555555,0.05555555555555555,0.5,0.5590803994659872,0.2
CUST03,37,42,True,0,37,0.05405405405405406,0.05405405405405406,0.5,0.5586288449224721,0.2
CUST03,38,42,False,,38,0.05263157894736842,0.05263157894736842,0.5,0.5458077850936853,0.2
CUST03,39,42,False,,39,0.05128205128205128,0.05128205128205128,0.5,0.5343768162451293,0.2
CUST03,40,42,False,,40,0.05,0.05,0.5,0.5362347871433489,0.0
CUST03,41,42,False,,41,0.04878048780487805,0.04878048780487805,0.5,0.5364854417961203,0.0
CUST03,42,42,False,,42,0.047619047619047616,0.047619047619047616,0.5,0.5475215027057365,0.0
CUST04,1,43,True,0,1,0.0,0.0,0.0,0.58,0.0
CUST04,2,43,True,0,2,0.0,0.0,0.0,0.5081818181818182,0.0
CUST04,3,43,True,0,3,0.0,0.0,0.0,0.482198731501057,0.0
CUST04,4,43,True,0,4,0.0,0.0,0.0,0.5991490486257928,0.0
CUST04,5,43,True,0,5,0.0,0.0,0.0,0.6046204437199114,0.0
CUST04,6,43,True,0,6,0.0,0.0,0.0,0.5844364503526734,0.0
CUST04,7,43,True,0,7,0.0,0.0,0.0,0.5678533046422553,0.0
CUST04,8,43,True,0,8,0.0,0.0,0.0,0.6218716415619734,0.0
CUST04,9,43,True,0,9,0.0,0.0,0.0,0.5686478083725478,0.0
CUST04,10,43,True,0,10,0.0,0.0,0.0,0.5845103002625658,0.0
CUST04,11,43,True,0,11,0.0,0.0,0.0,0.5993050681707641,0.0
CUST04,12,43,True,0,12,0.0,0.0,0.0,0.5581865085682984,0.0
CUST04,13,43,True,0,13,0.0,0.0,0.0,0.5512292337156501,0.0
CUST04,14,43,True,0,14,0.0,0.0,0.0,0.5669935616332039,0.0
CUST04,15,43,True,0,15,0.0,0.0,0.0,0.560146371810038,0.0
CUST04,16,43,True,0,16,0.0,0.0,0.0,0.5261965456058089,0.0
CUST04,17,43,True,0,17,0.0,0.0,0.0,0.509464880673599,0.0
CUST04,18,43,True,0,18,0.0,0.0,0.0,0.522313539566218,0.0
CUST04,19,43,True,0,19,0.0,0.0,0.0,0.5315430595156091,0.0
CUST04,20,43,True,0,20,0.0,0.0,0.0,0.5511923216341683,0.0
CUST04,21,43,True,0,21,0.0,0.0,0.0,0.5474068831376625,0.0
CUST04,22,43,True,0,22,0.0,0.0,0.0,0.5412837708449693,0.0
CUST04,23,43,True,0,23,0.0,0.0,0.0,0.5508524606501287,0.0
CUST04,24,43,True,0,24,0.0,0.0,0.0,0.5401551767504912,0.0
CUST04,25,43,True,0,25,0.0,0.0,0.0,0.5563671514986533,0.0
CUST04,26,43,True,0,26,0.0,0.0,0.0,0.5624409423750788,0.0
CUST04,27,43,True,0,27,0.0,0.0,0.0,0.5752798300312206,0.0
CUST04,28,43,True,0,28,0.0,0.0,0.0,0.5741668949250636,0.0
CUST04,29,43,True,0,29,0.0,0.0,0.0,0.558325074353877,0.0
CUST04,30,43,True,0,30,0.0,0.0,0.0,0.5607018928630688,0.0
CUST04,31,43,True,0,31,0.0,0.0,0.0,0.5710210903489497,0.0
CUST04,32,43,True,0,32,0.0,0.0,0.0,0.568801681275545,0.0
CUST04,33,43,True,0,33,0.0,0.0,0.0,0.5772337158892985,0.0
CUST04,34,43,True,0,34,0.0,0.0,0.0,0.5662722964380089,0.0
CUST04,35,43,True,0,35,0.0,0.0,0.0,0.5698733077485714,0.0
CUST04,36,43,True,0,36,0.0,0.0,0.0,0.5636063351744991,0.0
CUST04,37,43,True,1,37,0.0,0.0,0.0,0.5621522158878539,0.0
CUST04,38,43,True,1,38,0.0,0.0,0.0,0.5609922178159795,0.0
CUST04,39,43,False,,39,0.0,0.0,0.0,0.5722488276155698,0.0
CUST04,40,43,False,,40,0.0,0.0,0.0,0.5829426069251805,0.0
CUST04,41,43,False,,41,0.0,0.0,0.0,0.5809196165123712,0.0
CUST04,42,43,False,,42,0.023809523809523808,0.023809523809523808,0.0,0.58184339492539,0.2
CUST04,43,43,False,,43,0.023255813953488372,0.023255813953488372,0.0,0.5824678660241928,0.2
CUST05,1,42,True,0,1,0.0,0.0,0.0,0.9875,0.0
CUST05,2,42,True,0,2,0.0,0.0,0.0,0.8740316901408451,0.0
CUST05,3,42,True,0,3,0.0,0.0,0.0,0.7226877934272301,0.0
CUST05,4,42,True,0,4,0.0,0.0,0.0,0.6692885723431499,0.0
CUST05,5,42,True,0,5,0.0,0.0,0.0,0.7354308578745199,0.0
CUST05,6,42,True,0,6,0.0,0.0,0.0,0.6745874432904949,0.0
CUST05,7,42,True,0,7,0.0,0.0,0.0,0.620234615257399,0.0
CUST05,8,42,True,0,8,0.0,0.0,0.0,0.5707665128400201,0.0
CUST05,9,42,True,0,9,0.0,0.0,0.0,0.5541316371443454,0.0
CUST05,10,42,True,0,10,0.0,0.0,0.0,0.5987184734299109,0.0
CUST05,11,42,True,0,11,0.0,0.0,0.0,0.613922016464329,0.0
CUST05,12,42,True,0,12,0.0,0.0,0.0,0.5895475627113492,0.0
CUST05,13,42,True,1,13,0.0,0.0,0.0,0.6160766909264913,0.0
CUST05,14,42,True,1,14,0.0,0.0,0.0,0.6056340357226198,0.0
CUST05,15,42,True,1,15,0.0,0.0,0.0,0.6228636113346392,0.0
CUST05,16,42,True,1,16,0.0,0.0,0.0,0.6024005447171333,0.0
CUST05,17,42,True,1,17,0.0,0.0,0.0,0.6220539207048277,0.0
CUST05,18,42,True,1,18,0.05555555555555555,0.05555555555555555,1.0,0.6238401255254836,0.2
CUST05,19,42,True,1,19,0.05263157894736842,0.05263157894736842,1.0,0.6436380136557214,0.2
CUST05,20,42,True,1,20,0.05,0.05,1.0,0.6492850603413564,0.2
CUST05,21,42,True,1,21,0.09523809523809523,0.09523809523809523,0.5,0.6466153117052466,0.4
CUST05,22,42,True,1,22,0.09090909090909091,0.09090909090909091,0.5,0.6364544758585046,0.4
CUST05,23,42,True,0,23,0.13043478260869565,0.13043478260869565,0.6666666666666666,0.6418260203863957,0.4
CUST05,24,42,True,0,24,0.125,0.125,0.6666666666666666,0.6254999362036292,0.4
CUST05,25,42,True,0,25,0.12,0.12,0.6666666666666666,0.6330725313480766,0.4
CUST05,26,42,True,0,26,0.11538461538461539,0.11538461538461539,0.6666666666666666,0.6281917739695418,0.2
CUST05,27,42,True,1,27,0.1111111111111111,0.1111111111111111,0.6666666666666666,0.6257587453040032,0.2
CUST05,28,42,True,1,28,0.10714285714285714,0.10714285714285714,0.6666666666666666,0.6174408309309011,0.0
CUST05,29,42,True,1,29,0.10344827586206896,0.10344827586206896,0.6666666666666666,0.622163076930259,0.0
CUST05,30,42,True,1,30,0.1,0.1,0.6666666666666666,0.6051978926049107,0.0
CUST05,31,42,True,1,31,0.0967741935483871,0.0967741935483871,0.6666666666666666,0.601521446720089,0.0
CUST05,32,42,True,0,32,0.125,0.125,0.5,0.6036646231595708,0.2
CUST05,33,42,True,0,33,0.12121212121212122,0.12121212121212122,0.5,0.6143128521479256,0.2
CUST05,34,42,True,0,34,0.11764705882352941,0.11764705882352941,0.5,0.6028974881491771,0.2
CUST05,35,42,True,0,35,0.11428571428571428,0.11428571428571428,0.5,0.6142432742020577,0.2
CUST05,36,42,True,0,36,0.1111111111111111,0.1111111111111111,0.5,0.6205605906594079,0.2
CUST05,37,42,True,0,37,0.10810810810810811,0.10810810810810811,0.5,0.6053243093393749,0.0
CUST05,38,42,False,,38,0.10526315789473684,0.10526315789473684,0.5,0.6111874854093913,0.0
CUST05,39,42,False,,39,0.10256410256410256,0.10256410256410256,0.5,0.6010464287196583,0.0
CUST05,40,42,False,,40,0.1,0.1,0.5,0.6052825630836342,0.0
CUST05,41,42,False,,41,0.0975609756097561,0.0975609756097561,0.5,0.6034049856131175,0.0
CUST05,42,42,False,,42,0.09523809523809523,0.09523809523809523,0.5,0.6128477240509005,0.0
CUST06,1,50,True,0,1,0.0,0.0,0.0,0.6404494382022472,0.0
CUST06,2,50,True,0,2,0.0,0.0,0.0,0.7546509486093204,0.0
CUST06,3,50,True,0,3,0.0,0.0,0.0,0.5727523736997459,0.0
CUST06,4,50,True,0,4,0.0,0.0,0.0,0.6068898616701582,0.0
CUST06,5,50,True,0,5,0.0,0.0,0.0,0.6671632654829156,0.0
CUST06,6,50,True,0,6,0.0,0.0,0.0,0.6194614513944932,0.0
CUST06,7,50,True,0,7,0.0,0.0,0.0,0.6643002916714703,0.0
CUST06,8,50,True,0,8,0.0,0.0,0.0,0.6478211967709782,0.0
CUST06,9,50,True,0,9,0.0,0.0,0.0,0.6068488157344095,0.0
CUST06,10,50,True,0,10,0.0,0.0,0.0,0.6461639341609685,0.0
CUST06,11,50,True,0,11,0.0,0.0,0.0,0.6345598054662003,0.0
CUST06,12,50,True,1,12,0.0,0.0,0.0,0.605328470325999,0.0
CUST06,13,50,True,1,13,0.0,0.0,0.0,0.6280904778317863,0.0
CUST06,14,50,True,1,14,0.0,0.0,0.0,0.6299640856762531,0.0
CUST06,15,50,True,1,15,0.0,0.0,0.0,0.6334210254190483,0.0
CUST06,16,50,True,1,16,0.0,0.0,0.0,0.5981425561579441,0.0
CUST06,17,50,True,0,17,0.058823529411764705,0.058823529411764705,1.0,0.5996433419120941,0.2
CUST06,18,50,True,0,18,0.05555555555555555,0.05555555555555555,1.0,0.5905954678722778,0.2
CUST06,19,50,True,0,19,0.05263157894736842,0.05263157894736842,1.0,0.5687220221947896,0.2
CUST06,20,50,True,0,20,0.05,0.05,1.0,0.5777859210850501,0.2
CUST06,21,50,True,0,21,0.047619047619047616,0.047619047619047616,1.0,0.5665988364075307,0.2
CUST06,22,50,True,0,22,0.045454545454545456,0.045454545454545456,1.0,0.5685793207310713,0.0
CUST06,23,50,True,0,23,0.043478260869565216,0.043478260869565216,1.0,0.5596114737679687,0.0
CUST06,24,50,True,0,24,0.041666666666666664,0.041666666666666664,1.0,0.5748972702041072,0.0
CUST06,25,50,True,0,25,0.04,0.04,1.0,0.5829602029253548,0.0
CUST06,26,50,True,0,26,0.038461538461538464,0.038461538461538464,1.0,0.5761064222267606,0.0
CUST06,27,50,True,0,27,0.037037037037037035,0.037037037037037035,1.0,0.5721983412292553,0.0
CUST06,28,50,True,0,28,0.03571428571428571,0.03571428571428571,1.0,0.5534907967844316,0.0
CUST06,29,50,True,0,29,0.034482758620689655,0.034482758620689655,1.0,0.557803922018466,0.0
CUST06,30,50,True,0,30,0.03333333333333333,0.03333333333333333,1.0,0.5693274170155113,0.0
CUST06,31,50,True,0,31,0.03225806451612903,0.03225806451612903,1.0,0.5799038313595993,0.0
CUST06,32,50,True,0,32,0.03125,0.03125,1.0,0.5644758021468532,0.0
CUST06,33,50,True,0,33,0.030303030303030304,0.030303030303030304,1.0,0.5543634818020767,0.0
CUST06,34,50,True,0,34,0.029411764705882353,0.029411764705882353,1.0,0.5499182560564748,0.0
CUST06,35,50,True,0,35,0.02857142857142857,0.02857142857142857,1.0,0.539401111078238,0.0
CUST06,36,50,True,0,36,0.027777777777777776,0.027777777777777776,1.0,0.5387695987334721,0.0
CUST06,37,50,True,0,37,0.02702702702702703,0.02702702702702703,1.0,0.5355674434993908,0.0
CUST06,38,50,True,0,38,0.02631578947368421,0.02631578947368421,1.0,0.5447529156340222,0.0
CUST06,39,50,True,0,39,0.02564102564102564,0.02564102564102564,1.0,0.5443310943816743,0.0
CUST06,40,50,True,0,40,0.025,0.025,1.0,0.545616434043409,0.0
CUST06,41,50,True,0,41,0.024390243902439025,0.024390243902439025,1.0,0.5445038380911308,0.0
CUST06,42,50,True,0,42,0.023809523809523808,0.023809523809523808,1.0,0.5550721298752289,0.0
CUST06,43,50,True,0,43,0.023255813953488372,0.023255813953488372,1.0,0.5443101662108676,0.0
CUST06,44,50,True,0,44,0.022727272727272728,0.022727272727272728,1.0,0.5437138508232713,0.0
CUST06,45,50,True,0,45,0.022222222222222223,0.022222222222222223,1.0,0.5429444521181076,0.0
CUST06,46,50,False,,46,0.021739130434782608,0.021739130434782608,1.0,0.5407566964700551,0.0
CUST06,47,50,False,,47,0.02127659574468085,0.02127659574468085,1.0,0.5459934741175356,0.0
CUST06,48,50,False,,48,0.020833333333333332,0.020833333333333332,1.0,0.5465866951798034,0.0
CUST06,49,50,False,,49,0.02040816326530612,0.02040816326530612,1.0,0.55471516853866,0.0
CUST06,50,50,False,,50,0.02,0.02,1.0,0.5592306212654478,0.0
CUST07,1,44,True,0,1,0.0,0.0,0.0,0.5535714285714286,0.0
CUST07,2,44,True,0,2,0.0,0.0,0.0,0.46845238095238095,0.0
CUST07,3,44,True,0,3,0.0,0.0,0.0,0.5604497354497354,0.0
CUST07,4,44,True,0,4,0.0,0.0,0.0,0.5769307081807082,0.0
CUST07,5,44,True,0,5,0.0,0.0,0.0,0.5980151547798608,0.0
CUST07,6,44,True,0,6,0.0,0.0,0.0,0.531679295649884,0.0
CUST07,7,44,True,0,7,0.0,0.0,0.0,0.5271536819856149,0.0
CUST07,8,44,True,0,8,0.0,0.0,0.0,0.586259471737413,0.0
CUST07,9,44,True,0,9,0.0,0.0,0.0,0.5971429222461215,0.0
CUST07,10,44,True,0,10,0.0,0.0,0.0,0.6361128405478251,0.0
CUST07,11,44,True,0,11,0.0,0.0,0.0,0.6528502840526703,0.0
CUST07,12,44,True,0,12,0.0,0.0,0.0,0.6696826528547328,0.0
CUST07,13,44,True,0,13,0.0,0.0,0.0,0.658743412440717,0.0
CUST07,14,44,True,0,14,0.0,0.0,0.0,0.6636383635001463,0.0
CUST07,15,44,True,0,15,0.0,0.0,0.0,0.6193958059334699,0.0
CUST07,16,44,True,0,16,0.0,0.0,0.0,0.611933568062628,0.0
CUST07,17,44,True,0,17,0.0,0.0,0.0,0.6006054075124545,0.0
CUST07,18,44,True,0,18,0.0,0.0,0.0,0.5821193928093815,0.0
CUST07,19,44,True,0,19,0.0,0.0,0.0,0.5725341616088878,0.0
CUST07,20,44,True,0,20,0.0,0.0,0.0,0.5840390324758118,0.0
CUST07,21,44,True,0,21,0.0,0.0,0.0,0.5930940094239683,0.0
CUST07,22,44,True,0,22,0.0,0.0,0.0,0.5944831869037194,0.0
CUST07,23,44,True,0,23,0.0,0.0,0.0,0.6041778447540063,0.0
CUST07,24,44,True,0,24,0.0,0.0,0.0,0.6147180536035418,0.0
CUST07,25,44,True,0,25,0.0,0.0,0.0,0.6046747860048547,0.0
CUST07,26,44,True,0,26,0.0,0.0,0.0,0.6150315088443576,0.0
CUST07,27,44,True,0,27,0.0,0.0,0.0,0.6164690882888686,0.0
CUST07,28,44,True,0,28,0.0,0.0,0.0,0.6113062677199644,0.0
CUST07,29,44,True,0,29,0.0,0.0,0.0,0.6089958377112883,0.0
CUST07,30,44,True,0,30,0.0,0.0,0.0,0.6035107912690602,0.0
CUST07,31,44,True,0,31,0.0,0.0,0.0,0.6108417086722915,0.0
CUST07,32,44,True,0,32,0.0,0.0,0.0,0.6039351086661128,0.0
CUST07,33,44,True,0,33,0.0,0.0,0.0,0.6043930635261585,0.0
CUST07,34,44,True,0,34,0.0,0.0,0.0,0.6038258082159398,0.0
CUST07,35,44,True,0,35,0.0,0.0,0.0,0.5997357610470092,0.0
CUST07,36,44,True,0,36,0.0,0.0,0.0,0.594485164509989,0.0
CUST07,37,44,True,0,37,0.0,0.0,0.0,0.588397207880821,0.0
CUST07,38,44,True,0,38,0.0,0.0,0.0,0.585606569283338,0.0
CUST07,39,44,True,0,39,0.0,0.0,0.0,0.5845194745976936,0.0
CUST07,40,44,False,,40,0.0,0.0,0.0,0.5908834992270043,0.0
CUST07,41,44,False,,41,0.0,0.0,0.0,0.5836453077107072,0.0
CUST07,42,44,False,,42,0.0,0.0,0.0,0.5848588809703423,0.0
CUST07,43,44,False,,43,0.0,0.0,0.0,0.5802334398380252,0.0
CUST07,44,44,False,,44,0.0,0.0,0.0,0.5698435190025456,0.0
CUST08,1,42,True,0,1,0.0,0.0,0.0,0.01754385964912281,0.0
CUST08,2,42,True,0,2,0.0,0.0,0.0,0.3034147869674186,0.0
CUST08,3,42,True,0,3,0.0,0.0,0.0,0.44394319131161236,0.0
CUST08,4,42,True,0,4,0.0,0.0,0.0,0.5111183130239392,0.0
CUST08,5,42,True,1,5,0.0,0.0,0.0,0.5920722205126092,0.0
CUST08,6,42,True,1,6,0.0,0.0,0.0,0.5555825718202092,0.0
CUST08,7,42,True,1,7,0.0,0.0,0.0,0.5837577742407571,0.0
CUST08,8,42,True,1,8,0.0,0.0,0.0,0.5139526094226878,0.0
CUST08,9,42,True,1,9,0.0,0.0,0.0,0.5046503815023375,0.0
CUST08,10,42,True,0,10,0.1,0.1,0.0,0.5179021575113958,0.2
CUST08,11,42,True,0,11,0.09090909090909091,0.09090909090909091,0.0,0.5151383250103598,0.2
CUST08,12,42,True,0,12,0.08333333333333333,0.08333333333333333,0.0,0.5296813956273126,0.2
CUST08,13,42,True,0,13,0.07692307692307693,0.07692307692307693,0.0,0.524834108784186,0.2
CUST08,14,42,True,1,14,0.07142857142857142,0.07142857142857142,0.0,0.5029453013422942,0.2
CUST08,15,42,True,1,15,0.06666666666666667,0.06666666666666667,0.0,0.5194156145861413,0.0
CUST08,16,42,True,1,16,0.0625,0.0625,0.0,0.539117493005216,0.0
CUST08,17,42,True,1,17,0.058823529411764705,0.058823529411764705,0.0,0.5127522928819146,0.0
CUST08,18,42,True,1,18,0.05555555555555555,0.05555555555555555,0.0,0.5060663356824271,0.0
CUST08,19,42,True,0,19,0.10526315789473684,0.10526315789473684,0.0,0.5179869569378196,0.2
CUST08,20,42,True,0,20,0.1,0.1,0.0,0.5163733233766429,0.2
CUST08,21,42,True,0,21,0.09523809523809523,0.09523809523809523,0.0,0.5041090474735535,0.2
CUST08,22,42,True,0,22,0.09090909090909091,0.09090909090909091,0.0,0.5178872233003307,0.2
CUST08,23,42,True,0,23,0.08695652173913043,0.08695652173913043,0.0,0.5054816109627025,0.2
CUST08,24,42,True,0,24,0.08333333333333333,0.08333333333333333,0.0,0.5137167521725898,0.0
CUST08,25,42,True,0,25,0.08,0.08,0.0,0.5159267027753414,0.0
CUST08,26,42,True,0,26,0.07692307692307693,0.07692307692307693,0.0,0.5166684168072757,0.0
CUST08,27,42,True,0,27,0.07407407407407407,0.07407407407407407,0.0,0.5114214384070063,0.0
CUST08,28,42,True,0,28,0.07142857142857142,0.07142857142857142,0.0,0.5133244542622182,0.0
CUST08,29,42,True,0,29,0.06896551724137931,0.06896551724137931,0.0,0.5227448818370584,0.0
CUST08,30,42,True,0,30,0.06666666666666667,0.06666666666666667,0.0,0.5140919822670512,0.0
CUST08,31,42,True,0,31,0.06451612903225806,0.06451612903225806,0.0,0.5113868395532604,0.0
CUST08,32,42,True,0,32,0.0625,0.0625,0.0,0.5178418982531184,0.0
CUST08,33,42,True,0,33,0.06060606060606061,0.06060606060606061,0.0,0.5211533147929571,0.0
CUST08,34,42,True,0,34,0.058823529411764705,0.058823529411764705,0.0,0.5214902377594047,0.0
CUST08,35,42,True,0,35,0.05714285714285714,0.05714285714285714,0.0,0.5203267804168283,0.0
CUST08,36,42,True,0,36,0.05555555555555555,0.05555555555555555,0.0,0.5085614307815939,0.0
CUST08,37,42,True,0,37,0.05405405405405406,0.05405405405405406,0.0,0.49942340685383585,0.0
CUST08,38,42,False,,38,0.05263157894736842,0.05263157894736842,0.0,0.4886730301184478,0.0
CUST08,39,42,False,,39,0.05128205128205128,0.05128205128205128,0.0,0.49552279738434324,0.0
CUST08,40,42,False,,40,0.05,0.05,0.0,0.49677109108609835,0.0
CUST08,41,42,False,,41,0.04878048780487805,0.04878048780487805,0.0,0.49937297364160976,0.0
CUST08,42,42,False,,42,0.047619047619047616,0.047619047619047616,0.0,0.5068536009842833,0.0
CUST09,1,44,True,1,1,0.0,0.0,0.0,0.4461538461538461,0.0
CUST09,2,44,True,0,2,0.5,0.5,1.0,0.5378917378917378,0.5
CUST09,3,44,True,0,3,0.3333333333333333,0.3333333333333333,1.0,0.4472020868645341,0.3333333333333333
CUST09,4,44,True,0,4,0.25,0.25,1.0,0.4971662710307535,0.25
CUST09,5,44,True,0,5,0.2,0.2,1.0,0.5759938863898202,0.2
CUST09,6,44,True,0,6,0.16666666666666666,0.16666666666666666,1.0,0.6368576504228893,0.2
CUST09,7,44,True,0,7,0.14285714285714285,0.14285714285714285,1.0,0.5873526404546424,0.0
CUST09,8,44,True,0,8,0.125,0.125,1.0,0.6389335603978121,0.0
CUST09,9,44,True,0,9,0.1111111111111111,0.1111111111111111,1.0,0.6434126406890406,0.0
CUST09,10,44,True,0,10,0.1,0.1,1.0,0.6262623878560916,0.0
CUST09,11,44,True,0,11,0.09090909090909091,0.09090909090909091,1.0,0.650724792342747,0.0
CUST09,12,44,True,0,12,0.08333333333333333,0.08333333333333333,1.0,0.6376854657777863,0.0
CUST09,13,44,True,0,13,0.07692307692307693,0.07692307692307693,1.0,0.6399147889230848,0.0
CUST09,14,44,True,0,14,0.07142857142857142,0.07142857142857142,1.0,0.6513494468571502,0.0
CUST09,15,44,True,1,15,0.06666666666666667,0.06666666666666667,1.0,0.6234817059555624,0.0
CUST09,16,44,True,1,16,0.0625,0.0625,1.0,0.6066915186881785,0.0
CUST09,17,44,True,1,17,0.058823529411764705,0.058823529411764705,1.0,0.629827311706521,0.0
CUST09,18,44,True,1,18,0.05555555555555555,0.05555555555555555,1.0,0.6376420056827524,0.0
CUST09,19,44,True,1,19,0.05263157894736842,0.05263157894736842,1.0,0.6434043441616396,0.0
CUST09,20,44,True,0,20,0.1,0.1,1.0,0.640519841239272,0.2
CUST09,21,44,True,0,21,0.09523809523809523,0.09523809523809523,1.0,0.627562756067477,0.2
CUST09,22,44,True,0,22,0.09090909090909091,0.09090909090909091,1.0,0.6444917217007735,0.2
CUST09,23,44,True,0,23,0.08695652173913043,0.08695652173913043,1.0,0.6518424869326485,0.2
CUST09,24,44,True,0,24,0.08333333333333333,0.08333333333333333,1.0,0.6651114262147453,0.2
CUST09,25,44,True,0,25,0.08,0.08,1.0,0.6604677534798811,0.0
CUST09,26,44,True,0,26,0.07692307692307693,0.07692307692307693,1.0,0.6454042708191577,0.0
CUST09,27,44,True,0,27,0.07407407407407407,0.07407407407407407,1.0,0.6440446923508154,0.0
CUST09,28,44,True,0,28,0.07142857142857142,0.07142857142857142,1.0,0.6486404987928317,0.0
CUST09,29,44,True,0,29,0.06896551724137931,0.06896551724137931,1.0,0.6366599581198757,0.0
CUST09,30,44,True,0,30,0.06666666666666667,0.06666666666666667,1.0,0.6356760547539752,0.0
CUST09,31,44,True,0,31,0.06451612903225806,0.06451612903225806,1.0,0.6336553338865942,0.0
CUST09,32,44,True,0,32,0.0625,0.0625,1.0,0.6451036047026382,0.0
CUST09,33,44,True,0,33,0.06060606060606061,0.06060606060606061,1.0,0.6356560207217501,0.0
CUST09,34,44,True,0,34,0.058823529411764705,0.058823529411764705,1.0,0.627567777103608,0.0
CUST09,35,44,True,0,35,0.05714285714285714,0.05714285714285714,1.0,0.6330658406149334,0.0
CUST09,36,44,True,0,36,0.05555555555555555,0.05555555555555555,1.0,0.6327646289929137,0.0
CUST09,37,44,True,0,37,0.05405405405405406,0.05405405405405406,1.0,0.629176395776889,0.0
CUST09,38,44,True,0,38,0.05263157894736842,0.05263157894736842,1.0,0.6210986543675557,0.0
CUST09,39,44,True,0,39,0.05128205128205128,0.05128205128205128,1.0,0.6166673007188739,0.0
CUST09,40,44,False,,40,0.05,0.05,1.0,0.6245557029466647,0.0
CUST09,41,44,False,,41,0.04878048780487805,0.04878048780487805,1.0,0.6248437013226885,0.0
CUST09,42,44,False,,42,0.047619047619047616,0.047619047619047616,1.0,0.6144307560531006,0.0
CUST09,43,44,False,,43,0.046511627906976744,0.046511627906976744,1.0,0.6212441665497125,0.0
CUST09,44,44,False,,44,0.045454545454545456,0.045454545454545456,1.0,0.6138094729249195,0.0
CUST10,1,43,True,1,1,0.0,0.0,0.0,0.696551724137931,0.0
CUST10,2,43,True,1,2,0.0,0.0,0.0,0.7145549318364073,0.0
CUST10,3,43,True,1,3,0.0,0.0,0.0,0.6763699545576048,0.0
CUST10,4,43,True,1,4,0.0,0.0,0.0,0.7304917516324894,0.0
CUST10,5,43,True,1,5,0.0,0.0,0.0,0.7815362584488487,0.0
CUST10,6,43,True,0,6,0.16666666666666666,0.16666666666666666,0.0,0.7346135487073738,0.2
CUST10,7,43,True,0,7,0.14285714285714285,0.14285714285714285,0.0,0.7060807161677822,0.2
CUST10,8,43,True,0,8,0.125,0.125,0.0,0.7362416792783884,0.2
CUST10,9,43,True,0,9,0.1111111111111111,0.1111111111111111,0.0,0.6935316984532176,0.2
CUST10,10,43,True,0,10,0.1,0.1,0.0,0.6730157379102215,0.2
CUST10,11,43,True,0,11,0.09090909090909091,0.09090909090909091,0.0,0.7006025424852281,0.0
CUST10,12,43,True,0,12,0.08333333333333333,0.08333333333333333,0.0,0.6452493003084288,0.0
CUST10,13,43,True,1,13,0.07692307692307693,0.07692307692307693,0.0,0.6367596403562599,0.0
CUST10,14,43,True,1,14,0.07142857142857142,0.07142857142857142,0.0,0.653089995715428,0.0
CUST10,15,43,True,1,15,0.06666666666666667,0.06666666666666667,0.0,0.6645771176941879,0.0
CUST10,16,43,True,1,16,0.0625,0.0625,0.0,0.6547718170690705,0.0
CUST10,17,43,True,1,17,0.058823529411764705,0.058823529411764705,0.0,0.6297214550444546,0.0
CUST10,18,43,True,1,18,0.1111111111111111,0.1111111111111111,0.0,0.6390312240585014,0.2
CUST10,19,43,True,1,19,0.10526315789473684,0.10526315789473684,0.0,0.6423654202859989,0.2
CUST10,20,43,True,1,20,0.1,0.1,0.0,0.6238273961852792,0.2
CUST10,21,43,True,1,21,0.09523809523809523,0.09523809523809523,0.0,0.6326987859992412,0.2
CUST10,22,43,True,1,22,0.09090909090909091,0.09090909090909091,0.0,0.6366670229992757,0.2
CUST10,23,43,True,1,23,0.13043478260869565,0.13043478260869565,0.0,0.6376044501776231,0.2
CUST10,24,43,True,1,24,0.125,0.125,0.0,0.6221487091979999,0.2
CUST10,25,43,True,1,25,0.12,0.12,0.0,0.6133603218056897,0.2
CUST10,26,43,True,0,26,0.15384615384615385,0.15384615384615385,0.0,0.6127777819560204,0.4
CUST10,27,43,True,0,27,0.14814814814814814,0.14814814814814814,0.0,0.6086008270687603,0.4
CUST10,28,43,True,0,28,0.14285714285714285,0.14285714285714285,0.0,0.6206661036530393,0.2
CUST10,29,43,True,0,29,0.13793103448275862,0.13793103448275862,0.0,0.6291868792181525,0.2
CUST10,30,43,True,0,30,0.13333333333333333,0.13333333333333333,0.0,0.6365473165775476,0.2
CUST10,31,43,True,1,31,0.12903225806451613,0.12903225806451613,0.0,0.6482715966879492,0.0
CUST10,32,43,True,1,32,0.125,0.125,0.0,0.6545392720821483,0.0
CUST10,33,43,True,1,33,0.12121212121212122,0.12121212121212122,0.0,0.6500265055805102,0.0
CUST10,34,43,True,1,34,0.11764705882352941,0.11764705882352941,0.0,0.6537838959392533,0.0
CUST10,35,43,True,1,35,0.11428571428571428,0.11428571428571428,0.0,0.6551723832661591,0.0
CUST10,36,43,True,0,36,0.1388888888888889,0.1388888888888889,0.0,0.6548825071228008,0.2
CUST10,37,43,True,0,37,0.13513513513513514,0.13513513513513514,0.0,0.6393828541961633,0.2
CUST10,38,43,True,0,38,0.13157894736842105,0.13157894736842105,0.0,0.6281237912314869,0.2
CUST10,39,43,False,,39,0.1282051282051282,0.1282051282051282,0.0,0.6353280763048054,0.2
CUST10,40,43,False,,40,0.125,0.125,0.0,0.6321807234537891,0.2
CUST10,41,43,False,,41,0.12195121951219512,0.12195121951219512,0.0,0.6193749218364493,0.0
CUST10,42,43,False,,42,0.11904761904761904,0.11904761904761904,0.0,0.6134604651721405,0.0
CUST10,43,43,False,,43,0.11627906976744186,0.11627906976744186,0.0,0.6092258624709188,0.0
CUST11,1,40,True,0,1,0.0,0.0,0.0,0.4444444444444444,0.0
CUST11,2,40,True,0,2,0.0,0.0,0.0,0.5636856368563685,0.0
CUST11,3,40,True,0,3,0.0,0.0,0.0,0.619380168160656,0.0
CUST11,4,40,True,0,4,0.0,0.0,0.0,0.6073922689776348,0.0
CUST11,5,40,True,0,5,0.0,0.0,0.0,0.6166830459513386,0.0
CUST11,6,40,True,0,6,0.0,0.0,0.0,0.6353017152475147,0.0
CUST11,7,40,True,0,7,0.0,0.0,0.0,0.6369813021449285,0.0
CUST11,8,40,True,0,8,0.0,0.0,0.0,0.6486284806466538,0.0
CUST11,9,40,True,0,9,0.0,0.0,0.0,0.6800940029990458,0.0
CUST11,10,40,True,0,10,0.0,0.0,0.0,0.6468672113947933,0.0
CUST11,11,40,True,0,11,0.0,0.0,0.0,0.6771149046075116,0.0
CUST11,12,40,True,0,12,0.0,0.0,0.0,0.6605437350206538,0.0
CUST11,13,40,True,0,13,0.0,0.0,0.0,0.6516907204386454,0.0
CUST11,14,40,True,0,14,0.0,0.0,0.0,0.664665192788266,0.0
CUST11,15,40,True,0,15,0.0,0.0,0.0,0.6254823850639201,0.0
CUST11,16,40,True,0,16,0.0,0.0,0.0,0.6170715541792432,0.0
CUST11,17,40,True,0,17,0.0,0.0,0.0,0.6330608091621636,0.0
CUST11,18,40,True,0,18,0.0,0.0,0.0,0.6246001659181117,0.0
CUST11,19,40,True,0,19,0.0,0.0,0.0,0.6189098159478699,0.0
CUST11,20,40,True,0,20,0.0,0.0,0.0,0.6373961433322946,0.0
CUST11,21,40,True,0,21,0.0,0.0,0.0,0.6470099324253145,0.0
CUST11,22,40,True,0,22,0.0,0.0,0.0,0.6434470923596362,0.0
CUST11,23,40,True,1,23,0.0,0.0,0.0,0.6569033568861993,0.0
CUST11,24,40,True,1,24,0.0,0.0,0.0,0.6665694207196449,0.0
CUST11,25,40,True,1,25,0.0,0.0,0.0,0.6799066438908591,0.0
CUST11,26,40,True,1,26,0.0,0.0,0.0,0.6768333114335184,0.0
CUST11,27,40,True,1,27,0.0,0.0,0.0,0.6660104252550689,0.0
CUST11,28,40,True,0,28,0.03571428571428571,0.03571428571428571,0.0,0.6668722259627602,0.2
CUST11,29,40,True,0,29,0.034482758620689655,0.034482758620689655,0.0,0.6614204916131672,0.2
CUST11,30,40,True,0,30,0.03333333333333333,0.03333333333333333,0.0,0.6688175863371727,0.2
CUST11,31,40,True,0,31,0.03225806451612903,0.03225806451612903,0.0,0.6626903493403806,0.2
CUST11,32,40,True,0,32,0.03125,0.03125,0.0,0.6649765589423616,0.2
CUST11,33,40,True,0,33,0.030303030303030304,0.030303030303030304,0.0,0.6510953466024155,0.0
CUST11,34,40,True,0,34,0.029411764705882353,0.029411764705882353,0.0,0.6496634140127626,0.0
CUST11,35,40,True,0,35,0.02857142857142857,0.02857142857142857,0.0,0.6557047767870011,0.0
CUST11,36,40,False,,36,0.027777777777777776,0.027777777777777776,0.0,0.6456606898501073,0.0
CUST11,37,40,False,,37,0.02702702702702703,0.02702702702702703,0.0,0.6516928998275745,0.0
CUST11,38,40,False,,38,0.02631578947368421,0.02631578947368421,0.0,0.6524118326131386,0.0
CUST11,39,40,False,,39,0.02564102564102564,0.02564102564102564,0.0,0.6542018426031151,0.0
CUST11,40,40,False,,40,0.025,0.025,0.0,0.6460785038551105,0.0
CUST12,1,46,True,0,1,0.0,0.0,0.0,0.46590909090909083,0.0
CUST12,2,46,True,0,2,0.0,0.0,0.0,0.5344251336898396,0.0
CUST12,3,46,True,0,3,0.0,0.0,0.0,0.5229500891265597,0.0
CUST12,4,46,True,0,4,0.0,0.0,0.0,0.6422125668449198,0.0
CUST12,5,46,True,0,5,0.0,0.0,0.0,0.6535290896205141,0.0
CUST12,6,46,True,0,6,0.0,0.0,0.0,0.6557186857948728,0.0
CUST12,7,46,True,0,7,0.0,0.0,0.0,0.7019255402051291,0.0
CUST12,8,46,True,0,8,0.0,0.0,0.0,0.698140071560085,0.0
CUST12,9,46,True,0,9,0.0,0.0,0.0,0.7262155827346475,0.0
CUST12,10,46,True,1,10,0.0,0.0,0.0,0.6623659542857441,0.0
CUST12,11,46,True,1,11,0.0,0.0,0.0,0.6427925787624411,0.0
CUST12,12,46,True,1,12,0.0,0.0,0.0,0.639491080796788,0.0
CUST12,13,46,True,1,13,0.0,0.0,0.0,0.6240073243655744,0.0
CUST12,14,46,True,1,14,0.0,0.0,0.0,0.5881461740189043,0.0
CUST12,15,46,True,0,15,0.06666666666666667,0.06666666666666667,0.0,0.5829364290843108,0.2
CUST12,16,46,True,0,16,0.0625,0.0625,0.0,0.5823825318961711,0.2
CUST12,17,46,True,0,17,0.058823529411764705,0.058823529411764705,0.0,0.5814210733051643,0.2
CUST12,18,46,True,0,18,0.05555555555555555,0.05555555555555555,0.0,0.6039895870653027,0.2
CUST12,19,46,True,0,19,0.05263157894736842,0.05263157894736842,0.0,0.6030093905702097,0.2
CUST12,20,46,True,0,20,0.05,0.05,0.0,0.6103589210416993,0.0
CUST12,21,46,True,0,21,0.047619047619047616,0.047619047619047616,0.0,0.6155799248016184,0.0
CUST12,22,46,True,0,22,0.045454545454545456,0.045454545454545456,0.0,0.6167183373106357,0.0
CUST12,23,46,True,0,23,0.043478260869565216,0.043478260869565216,0.0,0.6223756027770417,0.0
CUST12,24,46,True,0,24,0.041666666666666664,0.041666666666666664,0.0,0.6225870768443381,0.0
CUST12,25,46,True,0,25,0.04,0.04,0.0,0.609731786541649,0.0
CUST12,26,46,True,0,26,0.038461538461538464,0.038461538461538464,0.0,0.6012740450775308,0.0
CUST12,27,46,True,0,27,0.037037037037037035,0.037037037037037035,0.0,0.5948776518736011,0.0
CUST12,28,46,True,0,28,0.03571428571428571,0.03571428571428571,0.0,0.60450999764002,0.0
CUST12,29,46,True,0,29,0.034482758620689655,0.034482758620689655,0.0,0.5997171439758576,0.0
CUST12,30,46,True,0,30,0.03333333333333333,0.03333333333333333,0.0,0.5825837153671386,0.0
CUST12,31,46,True,0,31,0.03225806451612903,0.03225806451612903,0.0,0.5689110199917521,0.0
CUST12,32,46,True,0,32,0.03125,0.03125,0.0,0.579734245532264,0.0
CUST12,33,46,True,0,33,0.030303030303030304,0.030303030303030304,0.0,0.5832033555474396,0.0
CUST12,34,46,True,0,34,0.029411764705882353,0.029411764705882353,0.0,0.5908981858609531,0.0
CUST12,35,46,True,0,35,0.02857142857142857,0.02857142857142857,0.0,0.592846549381809,0.0
CUST12,36,46,True,1,36,0.027777777777777776,0.027777777777777776,0.0,0.5999190793189433,0.0
CUST12,37,46,True,1,37,0.02702702702702703,0.02702702702702703,0.0,0.5945817805370865,0.0
CUST12,38,46,True,1,38,0.02631578947368421,0.02631578947368421,0.0,0.5996779256313118,0.0
CUST12,39,46,True,1,39,0.02564102564102564,0.02564102564102564,0.0,0.5962949515249673,0.0
CUST12,40,46,True,1,40,0.025,0.025,0.0,0.5905052247956666,0.0
CUST12,41,46,True,0,41,0.04878048780487805,0.04878048780487805,0.0,0.5887729149099312,0.2
CUST12,42,46,False,,42,0.047619047619047616,0.047619047619047616,0.0,0.5985640359835044,0.2
CUST12,43,46,False,,43,0.046511627906976744,0.046511627906976744,0.0,0.5964689322692643,0.2
CUST12,44,46,False,,44,0.045454545454545456,0.045454545454545456,0.0,0.5975232097826253,0.2
CUST12,45,46,False,,45,0.044444444444444446,0.044444444444444446,0.0,0.5962500247887329,0.2
CUST12,46,46,False,,46,0.043478260869565216,0.043478260869565216,0.0,0.5934563706734098,0.0
CUST13,1,49,True,0,1,0.0,0.0,0.0,0.775,0.0
CUST13,2,49,True,0,2,0.0,0.0,0.0,0.5798076923076922,0.0
CUST13,3,49,True,0,3,0.0,0.0,0.0,0.6157051282051281,0.0
CUST13,4,49,True,0,4,0.0,0.0,0.0,0.6716002747252747,0.0
CUST13,5,49,True,0,5,0.0,0.0,0.0,0.6851063067367414,0.0
CUST13,6,49,True,0,6,0.0,0.0,0.0,0.6631838270425227,0.0
CUST13,7,49,True,0,7,0.0,0.0,0.0,0.7113004231793052,0.0
CUST13,8,49,True,0,8,0.0,0.0,0.0,0.6905696884637103,0.0
CUST13,9,49,True,0,9,0.0,0.0,0.0,0.7102584558612227,0.0
CUST13,10,49,True,1,10,0.0,0.0,0.0,0.7392326102751005,0.0
CUST13,11,49,True,1,11,0.0,0.0,0.0,0.7629387366137277,0.0
CUST13,12,49,True,1,12,0.0,0.0,0.0,0.7826938418959171,0.0
CUST13,13,49,True,1,13,0.0,0.0,0.0,0.7786663985694376,0.0
CUST13,14,49,True,1,14,0.0,0.0,0.0,0.7455628980505027,0.0
CUST13,15,49,True,1,15,0.06666666666666667,0.06666666666666667,1.0,0.7465833425282952,0.2
CUST13,16,49,True,1,16,0.0625,0.0625,1.0,0.7346441058424991,0.2
CUST13,17,49,True,1,17,0.058823529411764705,0.058823529411764705,1.0,0.7360920560434849,0.2
CUST13,18,49,True,1,18,0.05555555555555555,0.05555555555555555,1.0,0.7447295120999714,0.2
CUST13,19,49,True,1,19,0.05263157894736842,0.05263157894736842,1.0,0.7205708159744091,0.2
CUST13,20,49,True,0,20,0.1,0.1,0.5,0.7099045940162683,0.2
CUST13,21,49,True,0,21,0.09523809523809523,0.09523809523809523,0.5,0.7048925258626697,0.2
CUST13,22,49,True,0,22,0.09090909090909091,0.09090909090909091,0.5,0.716774326270342,0.2
CUST13,23,49,True,0,23,0.08695652173913043,0.08695652173913043,0.5,0.728363848316559,0.2
CUST13,24,49,True,0,24,0.08333333333333333,0.08333333333333333,0.5,0.7318938593095995,0.2
CUST13,25,49,True,0,25,0.08,0.08,0.5,0.7324053389797688,0.0
CUST13,26,49,True,0,26,0.07692307692307693,0.07692307692307693,0.5,0.7156925313430673,0.0
CUST13,27,49,True,0,27,0.07407407407407407,0.07407407407407407,0.5,0.7171149694657588,0.0
CUST13,28,49,True,0,28,0.07142857142857142,0.07142857142857142,0.5,0.7022746956129567,0.0
CUST13,29,49,True,0,29,0.06896551724137931,0.06896551724137931,0.5,0.7108725648409862,0.0
CUST13,30,49,True,1,30,0.06666666666666667,0.06666666666666667,0.5,0.7150679691422049,0.0
CUST13,31,49,True,1,31,0.06451612903225806,0.06451612903225806,0.5,0.7005401598909384,0.0
CUST13,32,49,True,1,32,0.0625,0.0625,0.5,0.6996041622472877,0.0
CUST13,33,49,True,1,33,0.06060606060606061,0.06060606060606061,0.5,0.6933772981506675,0.0
CUST13,34,49,True,1,34,0.058823529411764705,0.058823529411764705,0.5,0.6901407109501577,0.0
CUST13,35,49,True,0,35,0.08571428571428572,0.08571428571428572,0.3333333333333333,0.6819956418127029,0.2
CUST13,36,49,True,0,36,0.08333333333333333,0.08333333333333333,0.3333333333333333,0.6875123466213882,0.2
CUST13,37,49,True,0,37,0.08108108108108109,0.08108108108108109,0.3333333333333333,0.6959579588748642,0.2
CUST13,38,49,True,0,38,0.07894736842105263,0.07894736842105263,0.3333333333333333,0.6939590652202625,0.2
CUST13,39,49,True,0,39,0.07692307692307693,0.07692307692307693,0.3333333333333333,0.6936477605176451,0.2
CUST13,40,49,True,0,40,0.075,0.075,0.3333333333333333,0.701306566504704,0.0
CUST13,41,49,True,0,41,0.07317073170731707,0.07317073170731707,0.3333333333333333,0.69538039008589,0.0
CUST13,42,49,True,0,42,0.07142857142857142,0.07142857142857142,0.3333333333333333,0.6863994717072216,0.0
CUST13,43,49,True,0,43,0.06976744186046512,0.06976744186046512,0.3333333333333333,0.689816538256666,0.0
CUST13,44,49,True,0,44,0.06818181818181818,0.06818181818181818,0.3333333333333333,0.6901816704085868,0.0
CUST13,45,49,False,,45,0.06666666666666667,0.06666666666666667,0.3333333333333333,0.6800526332883959,0.0
CUST13,46,49,False,,46,0.06521739130434782,0.06521739130434782,0.3333333333333333,0.6828173350791407,0.0
CUST13,47,49,False,,47,0.06382978723404255,0.06382978723404255,0.3333333333333333,0.680700654190932,0.0
CUST13,48,49,False,,48,0.0625,0.0625,0.3333333333333333,0.6715481261941382,0.0
CUST13,49,49,False,,49,0.061224489795918366,0.061224489795918366,0.3333333333333333,0.6720558903825959,0.0
CUST14,1,35,True,0,1,0.0,0.0,0.0,0.5882352941176471,0.0
CUST14,2,35,True,0,2,0.0,0.0,0.0,0.46872082166199813,0.0
CUST14,3,35,True,0,3,0.0,0.0,0.0,0.44581388110799874,0.0
CUST14,4,35,True,0,4,0.0,0.0,0.0,0.38644374416433236,0.0
CUST14,5,35,True,0,5,0.0,0.0,0.0,0.4433322105213393,0.0
CUST14,6,35,True,0,6,0.0,0.0,0.0,0.37738001670429067,0.0
CUST14,7,35,True,0,7,0.0,0.0,0.0,0.42855889773339856,0.0
CUST14,8,35,True,0,8,0.0,0.0,0.0,0.44470057397826224,0.0
CUST14,9,35,True,0,9,0.0,0.0,0.0,0.48724342208029436,0.0
CUST14,10,35,True,0,10,0.0,0.0,0.0,0.5110465523997375,0.0
CUST14,11,35,True,0,11,0.0,0.0,0.0,0.5015856607439474,0.0
CUST14,12,35,True,0,12,0.0,0.0,0.0,0.5087451890152851,0.0
CUST14,13,35,True,0,13,0.0,0.0,0.0,0.5349955590910324,0.0
CUST14,14,35,True,0,14,0.0,0.0,0.0,0.5304743129564977,0.0
CUST14,15,35,True,0,15,0.0,0.0,0.0,0.5609529801585749,0.0
CUST14,16,35,True,0,16,0.0,0.0,0.0,0.5381483208594482,0.0
CUST14,17,35,True,0,17,0.0,0.0,0.0,0.5507831947189271,0.0
CUST14,18,35,True,0,18,0.0,0.0,0.0,0.5479619061234311,0.0
CUST14,19,35,True,0,19,0.0,0.0,0.0,0.5682831707519839,0.0
CUST14,20,35,True,0,20,0.0,0.0,0.0,0.5668690122143847,0.0
CUST14,21,35,True,0,21,0.0,0.0,0.0,0.5580667960094193,0.0
CUST14,22,35,True,0,22,0.0,0.0,0.0,0.5661336321036569,0.0
CUST14,23,35,True,0,23,0.0,0.0,0.0,0.565456595827533,0.0
CUST14,24,35,True,0,24,0.0,0.0,0.0,0.5632373677493533,0.0
CUST14,25,35,True,0,25,0.0,0.0,0.0,0.5749935873250935,0.0
CUST14,26,35,True,0,26,0.0,0.0,0.0,0.5658874991248071,0.0
CUST14,27,35,True,0,27,0.0,0.0,0.0,0.5699071696998573,0.0
CUST14,28,35,True,0,28,0.0,0.0,0.0,0.5722424178408287,0.0
CUST14,29,35,True,0,29,0.0,0.0,0.0,0.5754984264210301,0.0
CUST14,30,35,True,0,30,0.0,0.0,0.0,0.5569954176491726,0.0
CUST14,31,35,False,,31,0.0,0.0,0.0,0.5674908216339242,0.0
CUST14,32,35,False,,32,0.0,0.0,0.0,0.5723528873040179,0.0
CUST14,33,35,False,,33,0.0,0.0,0.0,0.5795398849470419,0.0
CUST14,34,35,False,,34,0.0,0.0,0.0,0.5919063589191877,0.0
CUST14,35,35,False,,35,0.0,0.0,0.0,0.5966630132856385,0.0
CUST15,1,56,True,1,1,0.0,0.0,0.0,0.8470588235294118,0.0
CUST15,2,56,True,1,2,0.0,0.0,0.0,0.8761609907120742,0.0
CUST15,3,56,True,1,3,0.0,0.0,0.0,0.8180254557963536,0.0
CUST15,4,56,True,1,4,0.0,0.0,0.0,0.8141004871961024,0.0
CUST15,5,56,True,0,5,0.2,0.2,1.0,0.8131851516616437,0.2
CUST15,6,56,True,0,6,0.16666666666666666,0.16666666666666666,1.0,0.7207915479533306,0.2
CUST15,7,56,True,0,7,0.14285714285714285,0.14285714285714285,1.0,0.659633173507036,0.2
CUST15,8,56,True,0,8,0.125,0.125,1.0,0.6238208178634326,0.2
CUST15,9,56,True,0,9,0.1111111111111111,0.1111111111111111,1.0,0.6518856708099425,0.2
CUST15,10,56,True,0,10,0.1,0.1,1.0,0.6037702744606557,0.0
CUST15,11,56,True,0,11,0.09090909090909091,0.09090909090909091,1.0,0.5661432874843705,0.0
CUST15,12,56,True,0,12,0.08333333333333333,0.08333333333333333,1.0,0.5502146801940063,0.0
CUST15,13,56,True,0,13,0.07692307692307693,0.07692307692307693,1.0,0.5764523469349355,0.0
CUST15,14,56,True,0,14,0.07142857142857142,0.07142857142857142,1.0,0.5529024112076721,0.0
CUST15,15,56,True,0,15,0.06666666666666667,0.06666666666666667,1.0,0.5707238984005689,0.0
CUST15,16,56,True,1,16,0.0625,0.0625,1.0,0.5551008245618541,0.0
CUST15,17,56,True,1,17,0.058823529411764705,0.058823529411764705,1.0,0.5707671626128374,0.0
CUST15,18,56,True,1,18,0.05555555555555555,0.05555555555555555,1.0,0.5490760907372608,0.0
CUST15,19,56,True,1,19,0.05263157894736842,0.05263157894736842,1.0,0.5415971777608811,0.0
CUST15,20,56,True,1,20,0.05,0.05,1.0,0.5487278451886265,0.0
CUST15,21,56,True,0,21,0.09523809523809523,0.09523809523809523,0.5,0.5619025585318741,0.2
CUST15,22,56,True,0,22,0.09090909090909091,0.09090909090909091,0.5,0.545892324932918,0.2
CUST15,23,56,True,0,23,0.08695652173913043,0.08695652173913043,0.5,0.5336426996487139,0.2
CUST15,24,56,True,0,24,0.08333333333333333,0.08333333333333333,0.5,0.5227712235269872,0.2
CUST15,25,56,True,0,25,0.08,0.08,0.5,0.5127694654949987,0.2
CUST15,26,56,True,0,26,0.07692307692307693,0.07692307692307693,0.5,0.5158708934915984,0.0
CUST15,27,56,True,0,27,0.07407407407407407,0.07407407407407407,0.5,0.5256534529919096,0.0
CUST15,28,56,True,0,28,0.07142857142857142,0.07142857142857142,0.5,0.530465021045433,0.0
CUST15,29,56,True,0,29,0.06896551724137931,0.06896551724137931,0.5,0.5247491886767265,0.0
CUST15,30,56,True,0,30,0.06666666666666667,0.06666666666666667,0.5,0.5164078758515546,0.0
CUST15,31,56,True,0,31,0.06451612903225806,0.06451612903225806,0.5,0.5272286492709191,0.0
CUST15,32,56,True,0,32,0.0625,0.0625,0.5,0.5381762233689578,0.0
CUST15,33,56,True,0,33,0.06060606060606061,0.06060606060606061,0.5,0.5315803626763476,0.0
CUST15,34,56,True,0,34,0.058823529411764705,0.058823529411764705,0.5,0.531425522288034,0.0
CUST15,35,56,True,0,35,0.05714285714285714,0.05714285714285714,0.5,0.5305276502226616,0.0
CUST15,36,56,True,0,36,0.05555555555555555,0.05555555555555555,0.5,0.5185007981500809,0.0
CUST15,37,56,True,0,37,0.05405405405405406,0.05405405405405406,0.5,0.5117154214558927,0.0
CUST15,38,56,True,0,38,0.05263157894736842,0.05263157894736842,0.5,0.5085188025343961,0.0
CUST15,39,56,True,0,39,0.05128205128205128,0.05128205128205128,0.5,0.5150158784156875,0.0
CUST15,40,56,True,0,40,0.05,0.05,0.5,0.5070823419204117,0.0
CUST15,41,56,True,0,41,0.04878048780487805,0.04878048780487805,0.5,0.5191047238247919,0.0
CUST15,42,56,True,0,42,0.047619047619047616,0.047619047619047616,0.5,0.513586904729894,0.0
CUST15,43,56,True,0,43,0.046511627906976744,0.046511627906976744,0.5,0.5205109477528495,0.0
CUST15,44,56,True,0,44,0.045454545454545456,0.045454545454545456,0.5,0.5220649918695777,0.0
CUST15,45,56,True,0,45,0.044444444444444446,0.044444444444444446,0.5,0.5169592741015357,0.0
CUST15,46,56,True,0,46,0.043478260869565216,0.043478260869565216,0.5,0.5274601594471545,0.0
CUST15,47,56,True,0,47,0.0425531914893617,0.0425531914893617,0.5,0.5305382655768105,0.0
CUST15,48,56,True,0,48,0.041666666666666664,0.041666666666666664,0.5,0.5220494876080628,0.0
CUST15,49,56,True,0,49,0.04081632653061224,0.04081632653061224,0.5,0.5181981375208234,0.0
CUST15,50,56,True,0,50,0.04,0.04,0.5,0.514871211807444,0.0
CUST15,51,56,True,0,51,0.0392156862745098,0.0392156862745098,0.5,0.5063716850825374,0.0
CUST15,52,56,False,,52,0.038461538461538464,0.038461538461538464,0.5,0.5008551564294492,0.0
CUST15,53,56,False,,53,0.03773584905660377,0.03773584905660377,0.5,0.5070929963865785,0.0
CUST15,54,56,False,,54,0.037037037037037035,0.037037037037037035,0.5,0.5126277584767109,0.0
CUST15,55,56,False,,55,0.03636363636363636,0.03636363636363636,0.5,0.5160913446862253,0.0
CUST15,56,56,False,,56,0.03571428571428571,0.03571428571428571,0.5,0.5192883198028913,0.0
CUST16,1,46,True,0,1,0.0,0.0,0.0,0.45,0.0
CUST16,2,46,True,0,2,0.0,0.0,0.0,0.5521604938271605,0.0
CUST16,3,46,True,1,3,0.0,0.0,0.0,0.6439690648502909,0.0
CUST16,4,46,True,1,4,0.0,0.0,0.0,0.5854358150311608,0.0
CUST16,5,46,True,1,5,0.0,0.0,0.0,0.6529640366403132,0.0
CUST16,6,46,True,1,6,0.0,0.0,0.0,0.6563161843797481,0.0
CUST16,7,46,True,1,7,0.0,0.0,0.0,0.6101757770874032,0.0
CUST16,8,46,True,0,8,0.125,0.125,0.0,0.6091589069922942,0.2
CUST16,9,46,True,0,9,0.1111111111111111,0.1111111111111111,0.0,0.6248079173264838,0.2
CUST16,10,46,True,0,10,0.1,0.1,0.0,0.6079792995068789,0.2
CUST16,11,46,True,0,11,0.09090909090909091,0.09090909090909091,0.0,0.598162999551708,0.2
CUST16,12,46,True,0,12,0.08333333333333333,0.08333333333333333,0.0,0.6267474554714186,0.2
CUST16,13,46,True,0,13,0.07692307692307693,0.07692307692307693,0.0,0.6194014973582327,0.0
CUST16,14,46,True,0,14,0.07142857142857142,0.07142857142857142,0.0,0.5905431486458314,0.0
CUST16,15,46,True,0,15,0.06666666666666667,0.06666666666666667,0.0,0.598673605402776,0.0
CUST16,16,46,True,0,16,0.0625,0.0625,0.0,0.568981224166226,0.0
CUST16,17,46,True,0,17,0.058823529411764705,0.058823529411764705,0.0,0.5539991353497253,0.0
CUST16,18,46,True,0,18,0.05555555555555555,0.05555555555555555,0.0,0.5787769611636295,0.0
CUST16,19,46,True,0,19,0.05263157894736842,0.05263157894736842,0.0,0.561224648411224,0.0
CUST16,20,46,True,0,20,0.05,0.05,0.0,0.5549025464254453,0.0
CUST16,21,46,True,0,21,0.047619047619047616,0.047619047619047616,0.0,0.543256940766434,0.0
CUST16,22,46,True,0,22,0.045454545454545456,0.045454545454545456,0.0,0.5396673395627649,0.0
CUST16,23,46,True,0,23,0.043478260869565216,0.043478260869565216,0.0,0.5412364802668871,0.0
CUST16,24,46,True,0,24,0.041666666666666664,0.041666666666666664,0.0,0.535778977349784,0.0
CUST16,25,46,True,0,25,0.04,0.04,0.0,0.5294066417852044,0.0
CUST16,26,46,True,0,26,0.038461538461538464,0.038461538461538464,0.0,0.5395488266502296,0.0
CUST16,27,46,True,0,27,0.037037037037037035,0.037037037037037035,0.0,0.530746529087363,0.0
CUST16,28,46,True,1,28,0.03571428571428571,0.03571428571428571,0.0,0.5264971782586126,0.0
CUST16,29,46,True,1,29,0.034482758620689655,0.034482758620689655,0.0,0.5276290698323951,0.0
CUST16,30,46,True,1,30,0.03333333333333333,0.03333333333333333,0.0,0.517819211949093,0.0
CUST16,31,46,True,1,31,0.03225806451612903,0.03225806451612903,0.0,0.520547935387968,0.0
CUST16,32,46,True,1,32,0.03125,0.03125,0.0,0.5193271087033904,0.0
CUST16,33,46,True,0,33,0.06060606060606061,0.06060606060606061,0.0,0.5286682934971225,0.2
CUST16,34,46,True,0,34,0.058823529411764705,0.058823529411764705,0.0,0.5283441395361346,0.2
CUST16,35,46,True,0,35,0.05714285714285714,0.05714285714285714,0.0,0.5361510870233107,0.2
CUST16,36,46,True,0,36,0.05555555555555555,0.05555555555555555,0.0,0.549035779050441,0.2
CUST16,37,46,True,0,37,0.05405405405405406,0.05405405405405406,0.0,0.5473808898341799,0.2
CUST16,38,46,True,0,38,0.05263157894736842,0.05263157894736842,0.0,0.5397987416611557,0.0
CUST16,39,46,True,0,39,0.05128205128205128,0.05128205128205128,0.0,0.5515987739262542,0.0
CUST16,40,46,True,0,40,0.05,0.05,0.0,0.5450121944086064,0.0
CUST16,41,46,True,0,41,0.04878048780487805,0.04878048780487805,0.0,0.5395240921059574,0.0
CUST16,42,46,False,,42,0.047619047619047616,0.047619047619047616,0.0,0.5329012241120926,0.0
CUST16,43,46,False,,43,0.046511627906976744,0.046511627906976744,0.0,0.5231338288026591,0.0
CUST16,44,46,False,,44,0.045454545454545456,0.045454545454545456,0.0,0.5252893674228235,0.0
CUST16,45,46,False,,45,0.044444444444444446,0.044444444444444446,0.0,0.5358384925912052,0.0
CUST16,46,46,False,,46,0.043478260869565216,0.043478260869565216,0.0,0.5295355175206194,0.0
CUST17,1,69,True,0,1,0.0,0.0,0.0,0.7142857142857143,0.0
CUST17,2,69,True,0,2,0.0,0.0,0.0,0.6753246753246753,0.0
CUST17,3,69,True,0,3,0.0,0.0,0.0,0.7260785191819675,0.0
CUST17,4,69,True,0,4,0.0,0.0,0.0,0.705109348102072,0.0
CUST17,5,69,True,0,5,0.0,0.0,0.0,0.6149349361087764,0.0
CUST17,6,69,True,0,6,0.0,0.0,0.0,0.5462999467573136,0.0
CUST17,7,69,True,0,7,0.0,0.0,0.0,0.534702279944807,0.0
CUST17,8,69,True,0,8,0.0,0.0,0.0,0.5425596169029255,0.0
CUST17,9,69,True,0,9,0.0,0.0,0.0,0.5701690790380897,0.0
CUST17,10,69,True,0,10,0.0,0.0,0.0,0.5972791552612648,0.0
CUST17,11,69,True,0,11,0.0,0.0,0.0,0.623020575929213,0.0
CUST17,12,69,True,0,12,0.0,0.0,0.0,0.6189417007746182,0.0
CUST17,13,69,True,0,13,0.0,0.0,0.0,0.5752256400529094,0.0
CUST17,14,69,True,0,14,0.0,0.0,0.0,0.5407315009282511,0.0
CUST17,15,69,True,0,15,0.0,0.0,0.0,0.5437071244436035,0.0
CUST17,16,69,True,0,16,0.0,0.0,0.0,0.5526033361426225,0.0
CUST17,17,69,True,0,17,0.0,0.0,0.0,0.56841658527709,0.0
CUST17,18,69,True,0,18,0.0,0.0,0.0,0.5756219531809834,0.0
CUST17,19,69,True,0,19,0.0,0.0,0.0,0.5558523766977737,0.0
CUST17,20,69,True,0,20,0.0,0.0,0.0,0.543684757862885,0.0
CUST17,21,69,True,0,21,0.0,0.0,0.0,0.5322507898013871,0.0
CUST17,22,69,True,0,22,0.0,0.0,0.0,0.5229336051409935,0.0
CUST17,23,69,True,0,23,0.0,0.0,0.0,0.5266253239285547,0.0
CUST17,24,69,True,0,24,0.0,0.0,0.0,0.5463492687648649,0.0
CUST17,25,69,True,0,25,0.0,0.0,0.0,0.5597584559090072,0.0
CUST17,26,69,True,0,26,0.0,0.0,0.0,0.5533546086419797,0.0
CUST17,27,69,True,0,27,0.0,0.0,0.0,0.5524678366443465,0.0
CUST17,28,69,True,0,28,0.0,0.0,0.0,0.5505939853356198,0.0
CUST17,29,69,True,0,29,0.0,0.0,0.0,0.5660907444619777,0.0
CUST17,30,69,True,0,30,0.0,0.0,0.0,0.5563608379261483,0.0
CUST17,31,69,True,0,31,0.0,0.0,0.0,0.545582172903441,0.0
CUST17,32,69,True,0,32,0.0,0.0,0.0,0.5527974358825615,0.0
CUST17,33,69,True,0,33,0.0,0.0,0.0,0.5410370857756033,0.0
CUST17,34,69,True,0,34,0.0,0.0,0.0,0.5314679442677857,0.0
CUST17,35,69,True,0,35,0.0,0.0,0.0,0.5244933264841083,0.0
CUST17,36,69,True,0,36,0.0,0.0,0.0,0.5332215584545319,0.0
CUST17,37,69,True,0,37,0.0,0.0,0.0,0.5306150733394203,0.0
CUST17,38,69,True,0,38,0.0,0.0,0.0,0.5170829251626712,0.0
CUST17,39,69,True,0,39,0.0,0.0,0.0,0.520096577969151,0.0
CUST17,40,69,True,0,40,0.0,0.0,0.0,0.5208582084637424,0.0
CUST17,41,69,True,1,41,0.0,0.0,0.0,0.5233982521597487,0.0
CUST17,42,69,True,1,42,0.0,0.0,0.0,0.5203780967306578,0.0
CUST17,43,69,True,1,43,0.0,0.0,0.0,0.5189187716588767,0.0
CUST17,44,69,True,1,44,0.0,0.0,0.0,0.5203827389696598,0.0
CUST17,45,69,True,1,45,0.0,0.0,0.0,0.5141217084066976,0.0
CUST17,46,69,True,0,46,0.021739130434782608,0.021739130434782608,0.0,0.5175596909970526,0.2
CUST17,47,69,True,0,47,0.02127659574468085,0.02127659574468085,0.0,0.5213769251666833,0.2
CUST17,48,69,True,0,48,0.020833333333333332,0.020833333333333332,0.0,0.5169804231337567,0.2
CUST17,49,69,True,0,49,0.02040816326530612,0.02040816326530612,0.0,0.5150465822988274,0.2
CUST17,50,69,True,0,50,0.02,0.02,0.0,0.519660904890139,0.2
CUST17,51,69,True,0,51,0.0196078431372549,0.0196078431372549,0.0,0.5175597106766069,0.0
CUST17,52,69,True,0,52,0.019230769230769232,0.019230769230769232,0.0,0.5174509616617637,0.0
CUST17,53,69,True,0,53,0.018867924528301886,0.018867924528301886,0.0,0.5124047171021078,0.0
CUST17,54,69,True,0,54,0.018518518518518517,0.018518518518518517,0.0,0.5172883223962368,0.0
CUST17,55,69,True,0,55,0.01818181818181818,0.01818181818181818,0.0,0.5194215417093122,0.0
CUST17,56,69,True,1,56,0.017857142857142856,0.017857142857142856,0.0,0.516464838354613,0.0
CUST17,57,69,True,1,57,0.017543859649122806,0.017543859649122806,0.0,0.5203462432612476,0.0
CUST17,58,69,True,1,58,0.017241379310344827,0.017241379310344827,0.0,0.5128871580023573,0.0
CUST17,59,69,True,1,59,0.01694915254237288,0.01694915254237288,0.0,0.5148794906228037,0.0
CUST17,60,69,True,1,60,0.016666666666666666,0.016666666666666666,0.0,0.522964832445757,0.0
CUST17,61,69,True,1,61,0.03278688524590164,0.03278688524590164,0.0,0.5241446992722325,0.2
CUST17,62,69,True,1,62,0.03225806451612903,0.03225806451612903,0.0,0.5217148488953193,0.2
CUST17,63,69,True,1,63,0.031746031746031744,0.031746031746031744,0.0,0.5268501385198078,0.2
CUST17,64,69,True,1,64,0.03125,0.03125,0.0,0.5265204039560105,0.2
CUST17,65,69,False,,65,0.046153846153846156,0.046153846153846156,0.0,0.526230740936569,0.4
CUST17,66,69,False,,66,0.045454545454545456,0.045454545454545456,0.0,0.5254889528507531,0.2
CUST17,67,69,False,,67,0.04477611940298507,0.04477611940298507,0.0,0.5284844979752267,0.2
CUST17,68,69,False,,68,0.04411764705882353,0.04411764705882353,0.0,0.532169575467383,0.2
CUST17,69,69,False,,69,0.043478260869565216,0.043478260869565216,0.0,0.534470148154944,0.2
CUST18,1,49,True,0,1,0.0,0.0,0.0,0.41791044776119407,0.0
CUST18,2,49,True,0,2,0.0,0.0,0.0,0.3321436296776985,0.0
CUST18,3,49,True,0,3,0.0,0.0,0.0,0.40044143213081135,0.0
CUST18,4,49,True,0,4,0.0,0.0,0.0,0.5278951766622111,0.0
CUST18,5,49,True,0,5,0.0,0.0,0.0,0.5234926119180041,0.0
CUST18,6,49,True,0,6,0.0,0.0,0.0,0.6029105099316702,0.0
CUST18,7,49,True,0,7,0.0,0.0,0.0,0.5715423418461933,0.0
CUST18,8,49,True,0,8,0.0,0.0,0.0,0.5543448321342872,0.0
CUST18,9,49,True,0,9,0.0,0.0,0.0,0.5176551764565311,0.0
CUST18,10,49,True,0,10,0.0,0.0,0.0,0.5392229921442114,0.0
CUST18,11,49,True,0,11,0.0,0.0,0.0,0.5569640837674649,0.0
CUST18,12,49,True,0,12,0.0,0.0,0.0,0.5475874471572132,0.0
CUST18,13,49,True,0,13,0.0,0.0,0.0,0.5761991996747396,0.0
CUST18,14,49,True,0,14,0.0,0.0,0.0,0.6064706854122583,0.0
CUST18,15,49,True,0,15,0.0,0.0,0.0,0.6147572551027232,0.0
CUST18,16,49,True,0,16,0.0,0.0,0.0,0.5911198728953619,0.0
CUST18,17,49,True,0,17,0.0,0.0,0.0,0.59458340978387,0.0
CUST18,18,49,True,0,18,0.0,0.0,0.0,0.5809954425736551,0.0
CUST18,19,49,True,0,19,0.0,0.0,0.0,0.5843348637247492,0.0
CUST18,20,49,True,0,20,0.0,0.0,0.0,0.5678299849452915,0.0
CUST18,21,49,True,0,21,0.0,0.0,0.0,0.58065757148721,0.0
CUST18,22,49,True,0,22,0.0,0.0,0.0,0.570581061827535,0.0
CUST18,23,49,True,0,23,0.0,0.0,0.0,0.5722382179295514,0.0
CUST18,24,49,True,0,24,0.0,0.0,0.0,0.587839403293598,0.0
CUST18,25,49,True,0,25,0.0,0.0,0.0,0.5806416166355384,0.0
CUST18,26,49,True,0,26,0.0,0.0,0.0,0.5729246313803253,0.0
CUST18,27,49,True,0,27,0.0,0.0,0.0,0.5604197975383525,0.0
CUST18,28,49,True,0,28,0.0,0.0,0.0,0.5619565289070566,0.0
CUST18,29,49,True,0,29,0.0,0.0,0.0,0.5600699719382476,0.0
CUST18,30,49,True,0,30,0.0,0.0,0.0,0.5655389039081221,0.0
CUST18,31,49,True,0,31,0.0,0.0,0.0,0.5484080605117534,0.0
CUST18,32,49,True,0,32,0.0,0.0,0.0,0.5467114850913493,0.0
CUST18,33,49,True,0,33,0.0,0.0,0.0,0.5460350838432004,0.0
CUST18,34,49,True,1,34,0.0,0.0,0.0,0.5522998209236449,0.0
CUST18,35,49,True,1,35,0.0,0.0,0.0,0.5439873585076447,0.0
CUST18,36,49,True,1,36,0.0,0.0,0.0,0.536813106485607,0.0
CUST18,37,49,True,1,37,0.0,0.0,0.0,0.547968963930125,0.0
CUST18,38,49,True,1,38,0.0,0.0,0.0,0.5470126203260887,0.0
CUST18,39,49,True,0,39,0.02564102564102564,0.02564102564102564,0.0,0.5456776683933554,0.2
CUST18,40,49,True,0,40,0.025,0.025,0.0,0.5560741882219831,0.2
CUST18,41,49,True,0,41,0.024390243902439025,0.024390243902439025,0.0,0.5571455494848616,0.2
CUST18,42,49,True,0,42,0.023809523809523808,0.023809523809523808,0.0,0.5634880223962865,0.2
CUST18,43,49,True,0,43,0.023255813953488372,0.023255813953488372,0.0,0.5587557428056751,0.2
CUST18,44,49,True,1,44,0.022727272727272728,0.022727272727272728,0.0,0.5544055427140805,0.0
CUST18,45,49,False,,45,0.022222222222222223,0.022222222222222223,0.0,0.5598102872675242,0.0
CUST18,46,49,False,,46,0.021739130434782608,0.021739130434782608,0.0,0.5612601945898907,0.0
CUST18,47,49,False,,47,0.02127659574468085,0.02127659574468085,0.0,0.5528116607577146,0.0
CUST18,48,49,False,,48,0.020833333333333332,0.020833333333333332,0.0,0.5533686147949591,0.0
CUST18,49,49,False,,49,0.04081632653061224,0.04081632653061224,0.0,0.5549249620364831,0.2
